colectivo_amba,subte_amba,tren_amba,anio,mes,dia_semana
774164,72180,112267,2020,1,2
2941242,511136,719232,2020,1,3
3189868,536129,779038,2020,1,4
2231075,232491,460891,2020,1,5
1381083,127770,203694,2020,1,6
3128048,543433,771588,2020,1,0
3155792,553337,773865,2020,1,1
3140755,546992,776059,2020,1,2
3102208,551974,771103,2020,1,3
3230721,551782,802187,2020,1,4
2203095,233528,442599,2020,1,5
1357190,128084,212369,2020,1,6
3102726,537425,767169,2020,1,0
2880576,519193,710393,2020,1,1
2862087,517225,662197,2020,1,2
3204902,561236,793932,2020,1,3
3253800,541901,812866,2020,1,4
2250199,197352,477356,2020,1,5
1368252,101496,210334,2020,1,6
2972548,428750,701020,2020,1,0
2941783,433795,699566,2020,1,1
3164928,452305,760902,2020,1,2
3118735,450568,754859,2020,1,3
3143003,440591,760372,2020,1,4
2108373,179852,429901,2020,1,5
1346408,103512,204393,2020,1,6
3096800,442972,759503,2020,1,0
3127197,454479,756664,2020,1,1
3049117,450519,735367,2020,1,2
3178859,465182,771040,2020,1,3
3243216,459544,794180,2020,1,4
2231375,196308,448703,2020,2,5
1369764,103537,189004,2020,2,6
3062297,531629,769954,2020,2,0
3094851,541188,763573,2020,2,1
3152378,551184,772402,2020,2,2
3132995,551675,772279,2020,2,3
3063696,541845,759137,2020,2,4
2340200,248893,469835,2020,2,5
1466148,139777,223128,2020,2,6
3339221,572371,830682,2020,2,0
3071927,613573,832963,2020,2,1
3409967,607412,847168,2020,2,2
3410186,594862,838335,2020,2,3
3496312,587572,851506,2020,2,4
2314426,249134,488689,2020,2,5
1343880,129724,207789,2020,2,6
3138657,562555,764252,2020,2,0
3473550,590904,834492,2020,2,1
3498194,615562,859757,2020,2,2
3484771,602950,841328,2020,2,3
3535034,597057,868115,2020,2,4
2320156,244534,484115,2020,2,5
1453901,140582,220437,2020,2,6
1529185,160708,282156,2020,2,0
1481128,146881,267602,2020,2,1
3519028,603603,862241,2020,2,2
3500803,618367,858127,2020,2,3
3601221,625069,880417,2020,2,4
2426503,267587,494149,2020,2,5
1443868,138446,203648,2020,3,6
3614028,600301,828547,2020,3,0
3677845,620704,834473,2020,3,1
3712376,631391,854225,2020,3,2
3794900,648779,874806,2020,3,3
3904370,642675,886728,2020,3,4
2549059,286495,531253,2020,3,5
1487483,146363,38214,2020,3,6
3773231,706371,900832,2020,3,0
3950136,668245,879948,2020,3,1
3274370,597087,717821,2020,3,2
4104566,641434,867412,2020,3,3
4081380,608112,877560,2020,3,4
1765229,190204,335365,2020,3,5
1217017,96872,159761,2020,3,6
2677895,358404,597311,2020,3,0
2139405,264685,458503,2020,3,1
1957959,203162,366762,2020,3,2
1833727,105581,234926,2020,3,3
753861,20358,69314,2020,3,4
457388,9359,35957,2020,3,5
229813,5072,17221,2020,3,6
284227,5676,23024,2020,3,0
258003,4848,18542,2020,3,1
477344,15573,47071,2020,3,2
475249,15037,46084,2020,3,3
650450,15099,52959,2020,3,4
428942,7994,29120,2020,3,5
236606,4288,14189,2020,3,6
513545,13556,41815,2020,3,0
358903,6202,23011,2020,3,1
578664,15876,45990,2020,4,2
610052,15549,44482,2020,4,3
780544,17530,51507,2020,4,4
567353,9523,31176,2020,4,5
323173,5215,16186,2020,4,6
719675,18656,55060,2020,4,0
732266,18318,53128,2020,4,1
761590,19189,55127,2020,4,2
625215,14246,44184,2020,4,3
377477,7089,22191,2020,4,4
480975,9277,29787,2020,4,5
281426,5262,15198,2020,4,6
761625,22842,72455,2020,4,0
782552,21926,68095,2020,4,1
814113,23524,71875,2020,4,2
800443,24008,70527,2020,4,3
840692,25236,75882,2020,4,4
541224,11785,39771,2020,4,5
290498,6085,17392,2020,4,6
829587,26779,78691,2020,4,0
824027,26606,75366,2020,4,1
857200,28030,80518,2020,4,2
857397,27742,78647,2020,4,3
848002,29232,79217,2020,4,4
503281,12988,38101,2020,4,5
313630,6418,18556,2020,4,6
842805,30977,84194,2020,4,0
660293,26360,62515,2020,4,1
959755,32570,87238,2020,4,2
965707,34980,90980,2020,4,3
394879,8582,27234,2020,5,4
620037,14270,46753,2020,5,5
331427,6925,20137,2020,5,6
911340,34345,91577,2020,5,0
944037,33581,88928,2020,5,1
987339,35374,93671,2020,5,2
1006746,35748,95434,2020,5,3
1100456,37764,102875,2020,5,4
716761,16630,55016,2020,5,5
372196,7889,22468,2020,5,6
1048508,38379,110023,2020,5,0
1047612,38343,106318,2020,5,1
1070108,39612,110252,2020,5,2
1067123,40211,106392,2020,5,3
1133634,41302,116524,2020,5,4
738269,18154,64476,2020,5,5
380378,8379,24752,2020,5,6
1076935,42052,118097,2020,5,0
1071954,40875,113912,2020,5,1
1059097,41569,113398,2020,5,2
998075,40617,105167,2020,5,3
1072864,42341,114028,2020,5,4
736117,18674,66009,2020,5,5
361093,8349,23630,2020,5,6
328683,9927,31631,2020,5,0
989366,38122,107003,2020,5,1
994012,38140,105940,2020,5,2
1005759,38834,105791,2020,5,3
1069189,39472,109835,2020,5,4
649190,15173,53747,2020,5,5
333047,7624,20769,2020,5,6
967759,37033,104905,2020,6,0
969701,37410,104297,2020,6,1
982005,38283,108200,2020,6,2
988987,38333,106375,2020,6,3
1081587,40823,115941,2020,6,4
714013,17632,60141,2020,6,5
363577,8297,28513,2020,6,6
1054091,41291,116751,2020,6,0
1067925,40730,114315,2020,6,1
1091394,41223,115422,2020,6,2
1108340,42725,118019,2020,6,3
1158148,43412,124140,2020,6,4
764012,19182,65059,2020,6,5
366503,8446,24685,2020,6,6
501610,12586,43963,2020,6,0
1114851,42700,123467,2020,6,1
1074797,40806,114411,2020,6,2
1039701,40117,110201,2020,6,3
1048929,37357,111105,2020,6,4
640005,13624,53153,2020,6,5
347745,8031,22915,2020,6,6
943726,36187,99744,2020,6,0
925050,36135,97669,2020,6,1
982225,36732,103568,2020,6,2
1009231,37331,101663,2020,6,3
1044517,37714,103968,2020,6,4
704535,17348,60844,2020,6,5
349296,8203,27007,2020,6,6
942454,35181,102429,2020,6,0
857281,35410,94747,2020,6,1
687689,27694,84886,2020,7,2
716117,29301,92779,2020,7,3
806499,31474,100365,2020,7,4
550344,14750,49522,2020,7,5
291898,7396,24787,2020,7,6
814750,32704,104493,2020,7,0
819810,32817,103476,2020,7,1
886423,34032,112400,2020,7,2
439619,11404,42859,2020,7,3
495582,13049,46865,2020,7,4
562650,15030,51653,2020,7,5
299117,7653,23802,2020,7,6
877501,34305,114805,2020,7,0
863814,33185,112957,2020,7,1
891010,34385,113345,2020,7,2
862026,33684,105770,2020,7,3
990625,35742,123340,2020,7,4
643625,16488,64211,2020,7,5
348627,8457,25198,2020,7,6
969671,37091,127018,2020,7,0
930470,36544,122419,2020,7,1
938170,37292,125183,2020,7,2
903713,36795,117808,2020,7,3
987035,39369,127837,2020,7,4
696814,17959,57244,2020,7,5
357788,8603,27251,2020,7,6
976262,39145,132654,2020,7,0
963717,38561,122098,2020,7,1
968324,39578,128974,2020,7,2
970219,39712,131818,2020,7,3
1019875,41350,130070,2020,7,4
740587,19802,70668,2020,8,5
364245,8960,26624,2020,8,6
1002947,41573,127463,2020,8,0
999336,41266,119478,2020,8,1
1057453,42397,123594,2020,8,2
1013086,42079,130512,2020,8,3
1016424,42959,134096,2020,8,4
760529,20724,72092,2020,8,5
370661,9107,26812,2020,8,6
1078423,43634,141583,2020,8,0
1078613,44657,142147,2020,8,1
1083922,44413,136552,2020,8,2
1089065,44744,134539,2020,8,3
1162481,46471,153523,2020,8,4
849368,22151,81333,2020,8,5
409078,10028,30035,2020,8,6
506114,14105,47636,2020,8,0
1135372,39795,150650,2020,8,1
1103085,44039,142750,2020,8,2
1097697,45135,141301,2020,8,3
1189003,47224,147562,2020,8,4
827939,22544,81326,2020,8,5
414926,10241,32137,2020,8,6
1138171,46143,149006,2020,8,0
1073695,45819,136196,2020,8,1
1048455,45751,139556,2020,8,2
1148310,49463,152451,2020,8,3
1199849,47277,147566,2020,8,4
773351,22389,75277,2020,8,5
432082,11064,31991,2020,8,6
1156253,50798,152451,2020,8,0
1128983,49178,141399,2020,9,1
893336,43705,112424,2020,9,2
1168905,52163,141710,2020,9,3
1207182,60130,165112,2020,9,4
923901,26732,84142,2020,9,5
454047,11844,29689,2020,9,6
1222998,51882,161135,2020,9,0
1234347,52106,161541,2020,9,1
1221455,52016,155384,2020,9,2
1235247,52526,155687,2020,9,3
1290626,53588,170834,2020,9,4
912430,27303,92456,2020,9,5
474362,12593,33595,2020,9,6
1245853,53340,161016,2020,9,0
1259177,54650,168015,2020,9,1
1274975,54490,172081,2020,9,2
1280063,57992,169010,2020,9,3
1361657,57867,172557,2020,9,4
964739,29137,99069,2020,9,5
499813,13434,37682,2020,9,6
1263276,54682,168541,2020,9,0
1277802,55992,171513,2020,9,1
1293545,57219,178109,2020,9,2
1290691,57388,178112,2020,9,3
1273976,58219,169411,2020,9,4
757404,24689,69128,2020,9,5
452916,12618,37150,2020,9,6
1273146,55228,177204,2020,9,0
1323751,59757,177561,2020,9,1
1336699,59602,181532,2020,9,2
1328019,61401,183084,2020,10,3
1095345,66649,193443,2020,10,4
987180,32289,101254,2020,10,5
491745,13529,37764,2020,10,6
1339833,61598,189478,2020,10,0
1391895,62763,198513,2020,10,1
1421780,66174,207020,2020,10,2
1438119,65240,210433,2020,10,3
1511163,67544,203124,2020,10,4
1112630,35825,117857,2020,10,5
545320,15164,38102,2020,10,6
702297,21603,66403,2020,10,0
1485325,68392,221827,2020,10,1
1489875,69885,219534,2020,10,2
1486171,67581,213347,2020,10,3
1597303,72962,229832,2020,10,4
1143754,38198,126475,2020,10,5
645119,18418,47408,2020,10,6
1328732,64198,200463,2020,10,0
1262685,62136,175096,2020,10,1
1469233,70005,210409,2020,10,2
1244295,62339,177909,2020,10,3
1566586,76284,229548,2020,10,4
1126224,38703,120717,2020,10,5
473612,14301,39587,2020,10,6
1498871,70709,225156,2020,10,0
1515881,73451,222973,2020,10,1
1465968,72305,221337,2020,10,2
1523228,79528,236235,2020,10,3
1611779,82038,240966,2020,10,4
1188963,42128,131463,2020,10,5
652376,19605,49907,2020,11,6
1539745,74049,253694,2020,11,0
1556605,76885,268659,2020,11,1
1582443,79137,275819,2020,11,2
1650010,81868,276346,2020,11,3
1693465,84025,293793,2020,11,4
1267353,47741,157699,2020,11,5
699810,22790,60350,2020,11,6
1610696,81733,292105,2020,11,0
1667538,84879,290744,2020,11,1
1686977,84219,302894,2020,11,2
1687490,86047,302808,2020,11,3
1793704,88014,316785,2020,11,4
1275069,47858,165225,2020,11,5
730414,23315,66493,2020,11,6
1699073,84296,306623,2020,11,0
1716099,92144,313280,2020,11,1
1720934,87507,311333,2020,11,2
1756979,97256,317124,2020,11,3
1866511,96228,324940,2020,11,4
1383429,52618,178070,2020,11,5
771020,25286,75343,2020,11,6
851699,28690,100759,2020,11,0
1746169,92900,321784,2020,11,1
1637289,89460,282849,2020,11,2
1774529,96406,311986,2020,11,3
1882186,97804,338530,2020,11,4
1231346,48137,164680,2020,11,5
759283,24753,69835,2020,11,6
1814605,87950,332516,2020,11,0
1841728,98360,335197,2020,12,1
1809124,99821,329509,2020,12,2
1879496,112710,343724,2020,12,3
2084645,118029,372258,2020,12,4
1587682,68275,214802,2020,12,5
876363,32698,90733,2020,12,6
1056014,42361,144885,2020,12,0
947657,35943,126997,2020,12,1
1993692,120632,372949,2020,12,2
1960177,126129,358114,2020,12,3
2036952,120500,364030,2020,12,4
1563513,68628,216392,2020,12,5
797430,29319,77286,2020,12,6
2007780,114465,366497,2020,12,0
2006354,113578,357511,2020,12,1
2075200,121442,367906,2020,12,2
2065836,122889,362414,2020,12,3
2199558,132514,384289,2020,12,4
1681751,78866,231152,2020,12,5
994112,37786,102134,2020,12,6
2207901,135265,402948,2020,12,0
2209124,120009,155614,2020,12,1
2267274,134575,402019,2020,12,2
1412027,61881,203024,2020,12,3
438204,16906,45608,2020,12,4
1235376,54315,161452,2020,12,5
802848,30140,81639,2020,12,6
1892216,115113,343919,2020,12,0
1908979,127776,343119,2020,12,1
1947896,113431,336003,2020,12,2
1312297,55612,175855,2020,12,3
430570,16309,39184,2021,1,4
1102302,48221,150129,2021,1,5
741912,28609,81209,2021,1,6
1776224,103804,327549,2021,1,0
1816711,105293,326448,2021,1,1
1844906,106395,330459,2021,1,2
1852219,107921,329156,2021,1,3
1867991,108995,349715,2021,1,4
1393577,60466,189944,2021,1,5
792973,29527,80366,2021,1,6
1457210,88265,257960,2021,1,0
1904910,109495,355111,2021,1,1
1883634,108080,349730,2021,1,2
1881280,107469,344387,2021,1,3
1829057,105089,338036,2021,1,4
1340946,57578,179230,2021,1,5
835267,31937,90166,2021,1,6
1863158,105606,347023,2021,1,0
1848124,107376,341304,2021,1,1
1859398,107976,326099,2021,1,2
1853131,106952,330095,2021,1,3
1944641,110712,343737,2021,1,4
1392717,61034,188590,2021,1,5
787623,30072,86778,2021,1,6
1753709,96619,325709,2021,1,0
1762262,102947,324906,2021,1,1
1850465,108782,341285,2021,1,2
1807271,111758,329346,2021,1,3
1873920,110732,332583,2021,1,4
1186573,53872,156285,2021,1,5
751771,28783,73846,2021,1,6
1721907,104095,313303,2021,2,0
1883193,114376,347321,2021,2,1
1927712,100165,352250,2021,2,2
1979900,119409,361385,2021,2,3
2126031,118151,379433,2021,2,4
1560689,69546,219005,2021,2,5
894640,35324,100372,2021,2,6
1918885,114948,360292,2021,2,0
1977501,121445,370959,2021,2,1
1974618,124821,359711,2021,2,2
1983135,126729,362380,2021,2,3
2116596,128274,383913,2021,2,4
1476014,69775,212600,2021,2,5
892055,38403,95997,2021,2,6
1015874,43615,141143,2021,2,0
1005684,41838,136550,2021,2,1
2139144,130657,396863,2021,2,2
2127484,136674,385651,2021,2,3
2214952,135214,388482,2021,2,4
1587372,75616,209865,2021,2,5
906298,39522,94741,2021,2,6
1834500,117549,311723,2021,2,0
2162983,136470,390443,2021,2,1
2181082,136529,395086,2021,2,2
2164267,141828,388874,2021,2,3
2195752,141985,398736,2021,2,4
1623327,79238,226199,2021,2,5
937234,39293,100750,2021,2,6
2189522,132720,385152,2021,3,0
2223977,138530,380860,2021,3,1
2267949,144779,403014,2021,3,2
2289246,117119,402254,2021,3,3
2456695,152573,435379,2021,3,4
1759101,84730,247446,2021,3,5
1013019,43668,116901,2021,3,6
2341487,159874,412661,2021,3,0
2398289,155526,423173,2021,3,1
2439205,159164,427801,2021,3,2
2423097,159008,422535,2021,3,3
2515451,163775,444089,2021,3,4
1749728,87266,253359,2021,3,5
992392,45114,109631,2021,3,6
2404738,154583,427951,2021,3,0
2294102,153914,399402,2021,3,1
2332390,162339,417315,2021,3,2
2488102,180635,441402,2021,3,3
2581361,169312,447868,2021,3,4
1407535,74094,180108,2021,3,5
1024672,48116,109867,2021,3,6
2468687,162130,444360,2021,3,0
2530784,170010,451656,2021,3,1
1261169,68137,179101,2021,3,2
1838151,142238,318373,2021,3,3
2473168,168183,425027,2021,3,4
1627818,84475,226485,2021,3,5
970608,44168,104248,2021,3,6
2437863,163031,430273,2021,3,0
2453714,163225,440267,2021,3,1
2507300,171796,453256,2021,3,2
1810327,93790,320906,2021,4,3
1047968,50609,137428,2021,4,4
1590370,36877,215376,2021,4,5
960942,40102,96122,2021,4,6
2408107,152954,381004,2021,4,0
2405029,155103,419890,2021,4,1
2388379,151225,412532,2021,4,2
2328514,159902,402601,2021,4,3
2017057,128940,338197,2021,4,4
1268144,57150,164728,2021,4,5
742697,32314,77821,2021,4,6
2177718,129744,358310,2021,4,0
2163294,131643,355181,2021,4,1
2125379,129922,351601,2021,4,2
2103843,130540,342207,2021,4,3
2096015,127509,349409,2021,4,4
1297199,56846,174856,2021,4,5
664476,25578,68225,2021,4,6
1806890,112633,326777,2021,4,0
1866094,118767,328854,2021,4,1
1881494,119563,333901,2021,4,2
1870196,120143,323591,2021,4,3
1927208,122288,334102,2021,4,4
1263345,56485,165426,2021,4,5
708265,26984,73015,2021,4,6
1845448,116907,327393,2021,4,0
1886649,122538,337931,2021,4,1
1904835,122121,340129,2021,4,2
1903041,122164,336148,2021,4,3
1986421,125153,353641,2021,4,4
871003,31417,108048,2021,5,5
704084,24717,75303,2021,5,6
1759279,104433,313449,2021,5,0
1866134,110115,323159,2021,5,1
1979295,112858,339838,2021,5,2
1947231,114347,334377,2021,5,3
2008962,116692,344379,2021,5,4
1451575,60517,199818,2021,5,5
745027,26424,80376,2021,5,6
1971622,115701,340724,2021,5,0
1966091,116835,330532,2021,5,1
1994974,119159,343065,2021,5,2
1985162,119713,345633,2021,5,3
2082130,122491,330468,2021,5,4
1458217,61476,194194,2021,5,5
758788,28053,78829,2021,5,6
1953790,116084,341003,2021,5,0
1968593,115645,343524,2021,5,1
1983592,117762,347839,2021,5,2
1981973,121499,343535,2021,5,3
1884602,122484,326669,2021,5,4
754660,27558,96705,2021,5,5
424356,13359,44471,2021,5,6
699881,24101,94653,2021,5,0
572147,19955,74424,2021,5,1
1438043,78433,258100,2021,5,2
1452406,78834,254947,2021,5,3
1539584,82871,271222,2021,5,4
1038133,37388,138253,2021,5,5
556249,18056,60015,2021,5,6
1834142,107941,318600,2021,5,0
1852424,112817,328363,2021,6,1
1927801,117896,342534,2021,6,2
1944103,121739,343384,2021,6,3
2046738,123508,357932,2021,6,4
1195028,44378,155113,2021,6,5
656353,24525,70580,2021,6,6
1998318,121130,354976,2021,6,0
2006174,123124,353371,2021,6,1
1968676,123008,347172,2021,6,2
2035490,127417,352981,2021,6,3
2132739,136250,381644,2021,6,4
1414994,58666,197390,2021,6,5
782001,29303,82478,2021,6,6
2052967,127891,364285,2021,6,0
2084554,131354,363838,2021,6,1
2178433,130778,364626,2021,6,2
2203262,135405,363218,2021,6,3
2324513,156602,394598,2021,6,4
1616478,71459,205901,2021,6,5
828590,32648,84845,2021,6,6
880537,37664,108283,2021,6,0
2287631,137628,380885,2021,6,1
2216069,136750,368963,2021,6,2
2154982,138148,354413,2021,6,3
2386906,147392,398220,2021,6,4
1526488,74442,227137,2021,6,5
740586,32237,73598,2021,6,6
2114888,135378,356585,2021,6,0
2158718,135790,359617,2021,6,1
2215082,138882,363236,2021,6,2
2265773,145154,373541,2021,7,3
2397001,153489,398886,2021,7,4
1712792,82661,242526,2021,7,5
963839,40815,102669,2021,7,6
2390221,147657,395679,2021,7,0
2386714,152503,392635,2021,7,1
2255210,148374,369159,2021,7,2
2576135,173282,394815,2021,7,3
1308834,66246,184441,2021,7,4
1665368,85208,239961,2021,7,5
962294,42953,110080,2021,7,6
2175840,149132,355900,2021,7,0
2388267,159826,394705,2021,7,1
2369036,161725,391219,2021,7,2
2473006,171124,350720,2021,7,3
2574006,179240,420974,2021,7,4
1742414,99647,256053,2021,7,5
906647,49764,100764,2021,7,6
2196479,154977,394364,2021,7,0
2340191,170262,406680,2021,7,1
2274736,163348,402315,2021,7,2
2295135,166297,402334,2021,7,3
2400652,174434,425729,2021,7,4
1699158,98443,244361,2021,7,5
890671,49251,98081,2021,7,6
2221045,160881,405275,2021,7,0
2200718,163457,400659,2021,7,1
2190593,168254,390860,2021,7,2
2219752,167747,395167,2021,7,3
2361168,175676,420409,2021,7,4
1788381,106787,235022,2021,7,5
1064183,59230,101803,2021,8,6
2474047,174196,426812,2021,8,0
2536159,179736,426506,2021,8,1
2583753,185511,433014,2021,8,2
2604268,200968,443474,2021,8,3
2751045,198829,480981,2021,8,4
1977466,137083,311901,2021,8,5
787498,44213,88369,2021,8,6
2219109,174849,384634,2021,8,0
2653138,197161,445162,2021,8,1
2707376,202278,456248,2021,8,2
2715306,204858,463821,2021,8,3
2809841,213149,490715,2021,8,4
1984866,124050,289683,2021,8,5
1159560,71863,129286,2021,8,6
1177868,70525,158877,2021,8,0
2740623,208159,471968,2021,8,1
2789870,233432,490204,2021,8,2
2593415,209337,438740,2021,8,3
2885002,223827,496658,2021,8,4
1898623,120183,282645,2021,8,5
1139784,67608,133884,2021,8,6
2694074,208250,462942,2021,8,0
2738944,217131,472578,2021,8,1
2772632,217045,478965,2021,8,2
2768420,220952,481003,2021,8,3
2845584,234405,501352,2021,8,4
1924391,125893,295341,2021,8,5
1151414,68810,138212,2021,8,6
2745014,212817,477802,2021,8,0
2795235,221962,483445,2021,8,1
2502873,217848,427700,2021,9,2
2551013,222979,438777,2021,9,3
2946012,246492,522061,2021,9,4
1923982,130307,294279,2021,9,5
1127450,71375,133304,2021,9,6
2910085,232645,508594,2021,9,0
2492861,221971,409226,2021,9,1
2226685,216660,390191,2021,9,2
2758727,245232,467964,2021,9,3
2964997,260434,520845,2021,9,4
1985088,135510,313285,2021,9,5
311166,279,17590,2021,9,6
2798821,234512,498055,2021,9,0
3020387,250501,519199,2021,9,1
3059614,255646,508419,2021,9,2
3038162,259502,526721,2021,9,3
3135432,273867,552516,2021,9,4
2086700,149333,335921,2021,9,5
1182535,80625,139294,2021,9,6
2906699,248709,504927,2021,9,0
2836806,269642,531132,2021,9,1
2978268,259683,509683,2021,9,2
3017260,267251,524849,2021,9,3
3131997,280384,561702,2021,9,4
2070801,146869,330630,2021,9,5
1253306,85774,155026,2021,9,6
2846540,245803,512077,2021,9,0
2938140,261882,518329,2021,9,1
3060345,269171,548633,2021,9,2
2699220,262088,487569,2021,9,3
3197223,289493,575658,2021,10,4
1943077,145504,310660,2021,10,5
1207603,86137,142826,2021,10,6
3072907,269127,558675,2021,10,0
3191969,290767,578180,2021,10,1
3199105,298100,586746,2021,10,2
2995661,319955,601982,2021,10,3
1836546,143453,316861,2021,10,4
2037807,164637,353924,2021,10,5
1213935,99841,152226,2021,10,6
1182277,88025,178561,2021,10,0
3133836,292410,581335,2021,10,1
3085579,294221,562338,2021,10,2
3193473,316869,571976,2021,10,3
3341481,315842,609363,2021,10,4
2271740,174811,381776,2021,10,5
1290661,103287,167234,2021,10,6
3067714,309959,578936,2021,10,0
3195317,298746,572145,2021,10,1
3222705,307427,587334,2021,10,2
3224327,310240,582415,2021,10,3
3188117,310427,582535,2021,10,4
2090023,173477,335541,2021,10,5
1308212,97394,163818,2021,10,6
3134050,291946,581429,2021,10,0
3186061,307927,583674,2021,10,1
3164089,304129,576433,2021,10,2
3134863,317026,575518,2021,10,3
3272746,314795,574042,2021,10,4
2166837,144552,350424,2021,10,5
1230387,89666,145382,2021,10,6
3108937,300682,564622,2021,11,0
3054593,309844,562253,2021,11,1
3215206,322172,587876,2021,11,2
3285970,337550,606210,2021,11,3
3386772,338891,631151,2021,11,4
2306066,239353,407171,2021,11,5
1362079,103695,171283,2021,11,6
3221945,317154,613841,2021,11,0
3316513,327114,619227,2021,11,1
3374396,335651,630911,2021,11,2
3366510,341669,615916,2021,11,3
3427524,340139,644585,2021,11,4
2170521,178100,383203,2021,11,5
261730,141,16687,2021,11,6
3179227,313036,611303,2021,11,0
3173606,318363,589240,2021,11,1
3366243,362093,633242,2021,11,2
3372840,348574,617438,2021,11,3
3410738,346136,650474,2021,11,4
2026169,189633,354604,2021,11,5
1269337,104218,165475,2021,11,6
1252170,99342,190830,2021,11,0
3296114,363670,644467,2021,11,1
3297802,341655,622039,2021,11,2
3007181,343658,570366,2021,11,3
3397048,353412,648045,2021,11,4
2175404,186463,373351,2021,11,5
871544,70892,103653,2021,11,6
3133975,320101,611147,2021,11,0
3278396,337104,630517,2021,11,1
3285222,347977,640815,2021,12,2
3265378,366887,641601,2021,12,3
3354233,360945,658302,2021,12,4
2272213,235557,400575,2021,12,5
1238443,107096,155927,2021,12,6
3219478,353028,654207,2021,12,0
3358129,394944,692440,2021,12,1
1665175,140925,264630,2021,12,2
3272338,386583,673632,2021,12,3
2603646,399482,435984,2021,12,4
2306986,228419,348068,2021,12,5
1251743,100681,114597,2021,12,6
3152308,358347,644883,2021,12,0
3169922,362964,641997,2021,12,1
3204719,372564,633922,2021,12,2
3244152,377961,599097,2021,12,3
3316766,385809,656780,2021,12,4
2423120,236920,422703,2021,12,5
1440483,129005,176697,2021,12,6
3081919,406706,683329,2021,12,0
3129077,377931,659869,2021,12,1
3161484,372186,646002,2021,12,2
3041656,340131,615424,2021,12,3
1819351,144439,306605,2021,12,4
643175,48631,72901,2021,12,5
1027551,84295,124266,2021,12,6
2515119,274014,539471,2021,12,0
2552150,275212,521754,2021,12,1
2536911,262208,519144,2021,12,2
2491268,250374,498958,2021,12,3
1522696,113829,250346,2021,12,4
522889,38801,58537,2022,1,5
942574,74607,106866,2022,1,6
2160485,221727,446357,2022,1,0
2218573,224616,455950,2022,1,1
2329711,235145,459578,2022,1,2
2245517,226395,428306,2022,1,3
2270648,223874,437205,2022,1,4
1626893,130171,247946,2022,1,5
952704,72929,106921,2022,1,6
2113187,212181,382910,2022,1,0
2001694,195432,338196,2022,1,1
2098615,210150,374519,2022,1,2
2040581,204951,348202,2022,1,3
2009053,196317,337281,2022,1,4
1386659,112093,187011,2022,1,5
845570,66025,76546,2022,1,6
2122092,216389,385542,2022,1,0
2076670,220233,388057,2022,1,1
2167976,228972,387374,2022,1,2
2177179,225751,374672,2022,1,3
2248595,231507,407402,2022,1,4
1501404,129899,221258,2022,1,5
973066,77819,98771,2022,1,6
2281862,237464,432757,2022,1,0
2176286,233578,431662,2022,1,1
2260028,243888,446315,2022,1,2
2404682,261051,470429,2022,1,3
2487011,241483,490760,2022,1,4
1811860,159658,303188,2022,1,5
1113055,92842,138938,2022,1,6
2389245,255883,486553,2022,1,0
2485394,287339,516602,2022,2,1
2493840,282464,510480,2022,2,2
2290348,272769,446533,2022,2,3
2675067,294881,536439,2022,2,4
1867127,169009,301384,2022,2,5
1161922,100627,149915,2022,2,6
2622334,296678,539180,2022,2,0
2679198,342557,581267,2022,2,1
2695787,310952,568399,2022,2,2
2704192,318125,559753,2022,2,3
2657225,308291,549679,2022,2,4
1971029,183390,326518,2022,2,5
1241482,109715,155811,2022,2,6
2792317,317198,584524,2022,2,0
2755992,340765,590614,2022,2,1
2742422,322572,479018,2022,2,2
2790013,331928,565110,2022,2,3
2880509,334942,595886,2022,2,4
2026977,186145,340945,2022,2,5
1001087,87447,119234,2022,2,6
2824765,323734,589012,2022,2,0
2859775,332657,587194,2022,2,1
2888638,342456,591517,2022,2,2
2561243,322869,512747,2022,2,3
3021025,353127,623319,2022,2,4
1912527,177220,320780,2022,2,5
950261,91095,109583,2022,2,6
1444271,133870,232312,2022,2,0
1457791,130380,237570,2022,3,1
3214546,344290,603647,2022,3,2
3254245,366979,609144,2022,3,3
3285846,364272,616865,2022,3,4
2049791,188822,338140,2022,3,5
1284813,117501,162184,2022,3,6
3204675,350903,591638,2022,3,0
3277098,433998,543399,2022,3,1
2897064,358191,546141,2022,3,2
3488975,430246,671498,2022,3,3
3522830,394713,666319,2022,3,4
2268369,220117,406655,2022,3,5
1369988,127427,182973,2022,3,6
3448037,397017,660070,2022,3,0
3456773,440855,678806,2022,3,1
3523117,463740,692245,2022,3,2
3506526,450774,678945,2022,3,3
3246651,421887,652693,2022,3,4
2302147,229756,428941,2022,3,5
1343919,127797,189328,2022,3,6
3479509,422604,680270,2022,3,0
3524475,445258,685935,2022,3,1
3627447,460119,707640,2022,3,2
1387930,228911,258882,2022,3,3
3325684,428442,659796,2022,3,4
2197253,225618,407064,2022,3,5
1364054,130339,179117,2022,3,6
3593437,438293,709710,2022,3,0
3440805,399417,337520,2022,3,1
3613260,483385,727189,2022,3,2
3608683,513033,737150,2022,3,3
3684201,485441,735200,2022,4,4
1993329,215650,343350,2022,4,5
1297500,122284,175796,2022,4,6
3637911,458049,722393,2022,4,0
3750720,477807,740879,2022,4,1
3756946,486527,749976,2022,4,2
3691014,493431,747758,2022,4,3
3800893,503220,767220,2022,4,4
2441378,264438,462772,2022,4,5
1420472,140659,185637,2022,4,6
3561800,461565,708433,2022,4,0
3760079,495443,752184,2022,4,1
3798388,519439,785000,2022,4,2
2344593,248021,503094,2022,4,3
1417028,155025,239725,2022,4,4
2053675,209514,388230,2022,4,5
1290244,121160,177320,2022,4,6
3613416,448673,717193,2022,4,0
3726068,482194,741348,2022,4,1
3731392,474643,728666,2022,4,2
3710262,483266,733689,2022,4,3
3581450,459338,714821,2022,4,4
2385409,254754,456603,2022,4,5
1401882,132339,181979,2022,4,6
3332993,438692,650540,2022,4,0
3590234,462656,704178,2022,4,1
3576012,479311,642016,2022,4,2
3715306,477877,733930,2022,4,3
3776862,481066,756598,2022,4,4
2326355,248732,442198,2022,4,5
1196339,135391,176034,2022,5,6
3624350,463105,722917,2022,5,0
3665636,478583,730153,2022,5,1
3736892,482569,739211,2022,5,2
3785786,489522,763076,2022,5,3
3848731,487689,775052,2022,5,4
2521145,274500,479503,2022,5,5
1503766,145292,192299,2022,5,6
3727349,469280,744021,2022,5,0
3753166,484754,739026,2022,5,1
3778182,495010,752485,2022,5,2
3659035,532797,762524,2022,5,3
3789101,490432,775499,2022,5,4
2437811,223288,465043,2022,5,5
1397043,145382,193248,2022,5,6
3532928,465008,709324,2022,5,0
3533568,484722,714423,2022,5,1
666999,59514,89947,2022,5,2
3785458,500187,758408,2022,5,3
3812130,485641,770521,2022,5,4
2411260,253451,475426,2022,5,5
1382102,132148,184452,2022,5,6
3726975,463603,745745,2022,5,0
3714703,499140,758184,2022,5,1
1074485,131580,162112,2022,5,2
3695207,511857,754319,2022,5,3
3745470,482411,758019,2022,5,4
2281180,238353,413145,2022,5,5
1291948,133002,163574,2022,5,6
3549173,469612,712789,2022,5,0
3587936,474327,718815,2022,5,1
3572997,480230,706199,2022,6,2
3659684,493247,710464,2022,6,3
3727795,532459,508199,2022,6,4
2396794,253590,448918,2022,6,5
1329079,119879,100562,2022,6,6
3662026,475341,737491,2022,6,0
3690390,494148,735280,2022,6,1
3735210,510202,746970,2022,6,2
3690314,538489,765602,2022,6,3
3723518,496749,753969,2022,6,4
2370555,261223,429559,2022,6,5
1383244,137990,179148,2022,6,6
3697050,486152,740195,2022,6,0
3757836,500701,750945,2022,6,1
3810765,507099,742886,2022,6,2
3857719,577508,783235,2022,6,3
1831483,210973,319617,2022,6,4
2267247,238639,409818,2022,6,5
1319285,133627,167713,2022,6,6
1295638,139934,206728,2022,6,0
3710910,491212,746008,2022,6,1
3626582,486961,718858,2022,6,2
3629925,499621,726420,2022,6,3
3692923,494005,751641,2022,6,4
2338680,254483,407117,2022,6,5
1274328,129359,168641,2022,6,6
3333360,440635,681636,2022,6,0
3616391,484256,724550,2022,6,1
3717391,491866,733160,2022,6,2
3730077,497330,736787,2022,6,3
3634369,491003,732615,2022,7,4
2395918,265562,427605,2022,7,5
1380233,137958,172817,2022,7,6
3558605,461979,708455,2022,7,0
3725698,482018,728700,2022,7,1
3632177,486243,717945,2022,7,2
3730323,505396,737251,2022,7,3
3740380,494402,749210,2022,7,4
1919438,247716,328300,2022,7,5
1304758,137205,169447,2022,7,6
3492512,464382,689956,2022,7,0
3681769,489499,721706,2022,7,1
3719070,496331,729999,2022,7,2
3670801,540650,748055,2022,7,3
3610900,484863,720939,2022,7,4
2186312,255116,398801,2022,7,5
1409967,162893,179999,2022,7,6
2983022,432479,659341,2022,7,0
2991756,456679,684469,2022,7,1
3171630,470738,709133,2022,7,2
2996547,459219,687323,2022,7,3
3093125,454140,705534,2022,7,4
2142103,248958,401084,2022,7,5
1251540,139016,159913,2022,7,6
2488210,377483,553215,2022,7,0
2901920,434239,642083,2022,7,1
2712847,412428,594813,2022,7,2
2969903,488596,685188,2022,7,3
3134868,450640,710573,2022,7,4
2352787,272441,439525,2022,7,5
1471225,160519,186218,2022,7,6
3493002,515070,725220,2022,9,3
2151706,337203,394093,2022,9,4
2414604,268644,460512,2022,9,5
1459935,156578,187486,2022,9,6
3749415,509190,766447,2022,9,0
3820236,534484,780208,2022,9,1
3822892,539042,775662,2022,9,2
3702058,547142,768189,2022,9,3
3743108,525741,768822,2022,9,4
2458046,278679,467560,2022,9,5
1408968,149890,186600,2022,9,6
3691390,507928,757890,2022,9,0
3701929,533069,775617,2022,9,1
3811953,538509,757964,2022,9,2
3816039,545452,776547,2022,9,3
3847035,526242,797419,2022,9,4
2448963,275709,478402,2022,9,5
1407826,149951,194770,2022,9,6
3666275,499109,744498,2022,9,0
3792264,504193,759291,2022,9,1
3361192,470059,717914,2022,9,2
3687984,532658,753594,2022,9,3
3796898,515339,785714,2022,9,4
2442802,264383,455471,2022,9,5
1442470,141127,178384,2022,9,6
3537695,469582,721787,2022,9,0
3545678,521367,756907,2022,9,1
3741258,547257,779783,2022,9,2
3707820,542920,770455,2022,9,3
3741715,524621,786209,2022,9,4
2423139,272445,466538,2022,10,5
1475241,160235,187903,2022,10,6
3708927,508319,763296,2022,10,0
3750339,520837,764248,2022,10,1
3835606,521440,779980,2022,10,2
3823916,553331,807622,2022,10,3
2057580,222537,366918,2022,10,4
2048669,200826,367122,2022,10,5
1465897,151307,208605,2022,10,6
1450717,148234,238807,2022,10,0
3803266,512020,773722,2022,10,1
3826125,522061,774812,2022,10,2
3808872,528563,762487,2022,10,3
3885722,523745,794827,2022,10,4
2319218,245202,435699,2022,10,5
1426430,141553,185408,2022,10,6
3627255,512311,741951,2022,10,0
3749792,521218,751263,2022,10,1
3758450,524726,762320,2022,10,2
3690241,520297,748247,2022,10,3
3824214,515152,783112,2022,10,4
2280691,218801,425552,2022,10,5
1441642,152864,196765,2022,10,6
3729511,495583,749654,2022,10,0
3788121,530740,763698,2022,10,1
3471702,510366,705672,2022,10,2
3754591,550533,777675,2022,10,3
3856234,536238,766215,2022,10,4
2421578,274653,454664,2022,10,5
1185834,128656,155591,2022,10,6
3663786,499170,751817,2022,10,0
3812117,534409,768400,2022,11,1
3850317,539076,779442,2022,11,2
3836574,549115,779785,2022,11,3
3945202,537014,804219,2022,11,4
2590702,353651,510639,2022,11,5
1533146,156319,195082,2022,11,6
3767573,514931,766517,2022,11,0
3673212,434362,193829,2022,11,1
3895513,536845,790200,2022,11,2
3830062,578424,793590,2022,11,3
3874008,521085,787767,2022,11,4
2478737,275525,471156,2022,11,5
1320929,135092,154579,2022,11,6
3519332,482699,697807,2022,11,0
3879180,533630,776114,2022,11,1
3808837,509733,745227,2022,11,2
3705254,535908,747321,2022,11,3
3857662,520649,748658,2022,11,4
2455111,261098,452334,2022,11,5
1291696,129969,143036,2022,11,6
1332455,133992,175829,2022,11,0
3447737,490467,695791,2022,11,1
3820693,500488,754538,2022,11,2
3741773,524654,743862,2022,11,3
3769566,516363,778422,2022,11,4
2208393,233323,373969,2022,11,5
1384302,136171,168914,2022,11,6
3591464,477326,717330,2022,11,0
3649803,465790,725604,2022,11,1
3245050,437479,639058,2022,11,2
3537747,495877,705056,2022,12,3
3766132,535802,789041,2022,12,4
2282326,258676,406752,2022,12,5
1433742,141325,169983,2022,12,6
3530134,448227,693386,2022,12,0
3488367,515610,727584,2022,12,1
3635371,527296,749977,2022,12,2
1833712,187269,226880,2022,12,3
1475064,157127,185228,2022,12,4
2196217,226351,366475,2022,12,5
1310880,125298,140717,2022,12,6
3528725,481440,685296,2022,12,0
3163280,446265,594840,2022,12,1
3531694,490780,713719,2022,12,2
3532184,505864,721921,2022,12,3
3678732,542115,771395,2022,12,4
2591833,284984,462364,2022,12,5
581026,88677,92203,2022,12,6
3141916,427553,629487,2022,12,0
1698440,145911,270149,2022,12,1
3611783,521584,748872,2022,12,2
3582265,544542,769376,2022,12,3
3202455,400712,676927,2022,12,4
1787234,151850,268232,2022,12,5
728818,67342,83746,2022,12,6
2833182,381116,633973,2022,12,0
3012725,415875,663279,2022,12,1
3031985,418568,669988,2022,12,2
3015211,407751,652632,2022,12,3
2735163,318846,580804,2022,12,4
1560614,132941,242554,2022,12,5
577052,56250,66891,2023,1,6
2438839,323851,546365,2023,1,0
2692019,364805,594799,2023,1,1
2752451,378812,605709,2023,1,2
2848494,380715,621064,2023,1,3
2841563,365461,620050,2023,1,4
2040576,197293,371553,2023,1,5
1249471,106474,150349,2023,1,6
2694825,359221,602603,2023,1,0
2728038,374551,606884,2023,1,1
2770356,377175,614925,2023,1,2
2800248,382213,612041,2023,1,3
2875977,370960,619435,2023,1,4
2046222,201601,368413,2023,1,5
1226368,104989,133827,2023,1,6
2625184,349095,554455,2023,1,0
2683351,364048,544978,2023,1,1
2781279,374819,577261,2023,1,2
2736979,374779,572399,2023,1,3
2670369,351954,558218,2023,1,4
2020290,197777,327660,2023,1,5
1258925,118438,129421,2023,1,6
2692048,359053,566510,2023,1,0
2728651,380046,569756,2023,1,1
2784722,396402,597305,2023,1,2
2728701,377151,578507,2023,1,3
2515070,335641,518099,2023,1,4
2040041,198583,349824,2023,1,5
1265029,113132,141325,2023,1,6
2777621,371639,598897,2023,1,0
2806446,385875,604497,2023,1,1
2919435,416833,634381,2023,2,2
2766934,402050,591286,2023,2,3
2942900,403431,624619,2023,2,4
2218171,221321,385841,2023,2,5
1334699,120756,144351,2023,2,6
2890414,402001,618006,2023,2,0
2915528,422363,626670,2023,2,1
2955183,424829,628237,2023,2,2
2955047,432884,621460,2023,2,3
2978336,406660,622260,2023,2,4
2027480,200479,332173,2023,2,5
1192636,110226,121387,2023,2,6
2866316,397458,586722,2023,2,0
3222405,342268,637120,2023,2,1
3160013,441763,652013,2023,2,2
3027085,443128,619370,2023,2,3
3062665,411832,616851,2023,2,4
2169907,212454,336100,2023,2,5
1366474,126558,151993,2023,2,6
1437328,137442,195557,2023,2,0
1437574,140818,192895,2023,2,1
3187393,433087,658895,2023,2,2
3131882,436033,644970,2023,2,3
3231841,434050,665947,2023,2,4
2196064,220022,377499,2023,2,5
1352915,124301,148887,2023,2,6
3008141,456666,674935,2023,2,0
3309793,452475,669001,2023,2,1
3417180,419875,582248,2023,3,2
3416683,443774,602878,2023,3,3
3471044,438944,643913,2023,3,4
2265184,225774,371446,2023,3,5
1371419,126951,139602,2023,3,6
3571992,446140,638888,2023,3,0
3633721,469805,668364,2023,3,1
3398318,499845,630883,2023,3,2
3644069,477097,669121,2023,3,3
3616051,456418,668054,2023,3,4
2177887,218452,353524,2023,3,5
1279631,118648,130720,2023,3,6
3451882,482538,657624,2023,3,0
3413490,490880,648125,2023,3,1
3551179,499907,652859,2023,3,2
3716033,511451,680211,2023,3,3
3550361,505640,708678,2023,3,4
2414522,243707,402014,2023,3,5
1358152,125401,158121,2023,3,6
3674293,494468,681867,2023,3,0
3871460,534042,713906,2023,3,1
3919182,525235,707722,2023,3,2
3860917,530121,724649,2023,3,3
1881560,265424,286456,2023,3,4
2189582,178298,329424,2023,3,5
1436610,110853,160853,2023,3,6
3861245,503384,705527,2023,3,0
3888801,518770,704007,2023,3,1
3815643,504276,685009,2023,3,2
3859751,532136,706058,2023,3,3
3941837,505977,713784,2023,3,4
2472463,251577,389285,2023,4,5
1293778,121673,139138,2023,4,6
3028276,536446,691799,2023,4,0
3844400,535330,701025,2023,4,1
4047202,544178,756982,2023,4,2
2510447,213883,480496,2023,4,3
1573301,133605,208963,2023,4,4
2259066,174489,346025,2023,4,5
1413511,105167,152505,2023,4,6
3936181,475885,711506,2023,4,0
3959613,529093,715605,2023,4,1
3605949,505463,689747,2023,4,2
3856457,557011,732225,2023,4,3
4006503,496903,704655,2023,4,4
2518555,251559,410927,2023,4,5
1343814,122465,139894,2023,4,6
3883388,508741,696468,2023,4,0
3783503,517545,662584,2023,4,1
3637812,508861,651154,2023,4,2
3999479,543016,709148,2023,4,3
3998882,510013,713042,2023,4,4
2548446,248086,410890,2023,4,5
1464752,132200,150705,2023,4,6
3889180,503099,697206,2023,4,0
3612355,517411,664902,2023,4,1
3814495,524778,693300,2023,4,2
3991602,535503,714173,2023,4,3
4027665,519070,700886,2023,4,4
2561191,266301,421421,2023,4,5
1270554,123105,123971,2023,4,6
1165569,128099,148770,2023,5,0
3962394,525376,713437,2023,5,1
3979615,518225,706135,2023,5,2
3995564,508450,719763,2023,5,3
3994808,515533,721268,2023,5,4
2278685,241610,357813,2023,5,5
1417172,140081,141387,2023,5,6
3923131,478158,720299,2023,5,0
3993566,540880,748556,2023,5,1
4034515,506253,749182,2023,5,2
3991099,534339,750874,2023,5,3
4009733,516755,763375,2023,5,4
2608125,266440,448484,2023,5,5
1544640,146643,171395,2023,5,6
3932169,415272,726325,2023,5,0
3991563,512406,740056,2023,5,1
3807711,528407,749715,2023,5,2
3842982,565994,774229,2023,5,3
3538328,480118,662125,2023,5,4
2477720,217628,409381,2023,5,5
1260362,102217,129031,2023,5,6
3895043,498929,732624,2023,5,0
4006766,457687,739205,2023,5,1
3350058,476834,624506,2023,5,2
1369600,179760,207686,2023,5,3
1528505,162177,183696,2023,5,4
2227972,222265,339544,2023,5,5
1366215,125015,146693,2023,5,6
3855159,481739,719346,2023,5,0
3856069,504333,710187,2023,5,1
3890811,513767,722366,2023,5,2
3952493,523805,717887,2023,6,3
3984068,510935,741274,2023,6,4
2580881,276604,369163,2023,6,5
1476795,130389,122120,2023,6,6
3894136,494213,721104,2023,6,0
3925826,509839,727973,2023,6,1
3975877,520690,743095,2023,6,2
4014725,408899,742607,2023,6,3
3907501,499731,741528,2023,6,4
2455284,248809,419213,2023,6,5
1388284,125195,110556,2023,6,6
3807683,488399,716577,2023,6,0
3624326,475664,668827,2023,6,1
3924802,524694,723172,2023,6,2
3740938,521110,723398,2023,6,3
3785104,514551,747985,2023,6,4
2298944,246081,383897,2023,6,5
1344371,129918,135998,2023,6,6
1466749,162093,194353,2023,6,0
1393821,147534,201503,2023,6,1
3728530,527454,730080,2023,6,2
3510050,506617,695555,2023,6,3
3897673,497060,668444,2023,6,4
2406339,244943,398108,2023,6,5
1422222,131567,136745,2023,6,6
3848390,492237,739799,2023,6,0
3682622,485929,719548,2023,6,1
3920860,514399,737749,2023,6,2
3904703,516531,692658,2023,6,3
3962443,507743,753913,2023,6,4
2546158,264097,429380,2023,7,5
1469406,136882,154194,2023,7,6
3850832,482787,731202,2023,7,0
3810171,530543,734839,2023,7,1
3966764,404171,730951,2023,7,2
3678275,533946,735886,2023,7,3
581350,476974,484457,2023,7,4
2586468,284490,437592,2023,7,5
1364392,142283,141266,2023,7,6
3878313,498713,730642,2023,7,0
3682985,510297,696615,2023,7,1
2996848,469944,587256,2023,7,2
3674232,528987,682904,2023,7,3
3871695,518440,742877,2023,7,4
2460143,280047,429455,2023,7,5
1459400,161476,154761,2023,7,6
3114805,454098,674932,2023,7,0
3153027,473153,683362,2023,7,1
3227398,399625,691845,2023,7,2
3354350,501124,713973,2023,7,3
3322049,467822,696388,2023,7,4
2451880,274229,435237,2023,7,5
1526113,168782,174966,2023,7,6
3010466,425687,643892,2023,7,0
3139410,456088,675694,2023,7,1
3130674,367897,651989,2023,7,2
3197501,464539,691747,2023,7,3
3289688,460000,711751,2023,7,4
2431287,266438,428646,2023,7,5
1525835,159480,180947,2023,7,6
3648319,455230,700702,2023,7,0
3810375,460926,716629,2023,8,1
3837390,488242,718105,2023,8,2
3828142,424530,703797,2023,8,3
3903894,495410,746066,2023,8,4
2628073,276900,456509,2023,8,5
1484280,140648,165879,2023,8,6
3853951,501278,740542,2023,8,0
3910713,524451,753106,2023,8,1
3958600,527449,762703,2023,8,2
3932017,526433,712386,2023,8,3
3919587,529417,762825,2023,8,4
2436740,253353,424530,2023,8,5
336692,2427,17153,2023,8,6
3738824,489383,742015,2023,8,0
3952329,522611,767717,2023,8,1
3868261,525568,711931,2023,8,2
2839103,454645,576038,2023,8,3
3746081,520721,730593,2023,8,4
2523023,264837,451096,2023,8,5
1498713,148461,139072,2023,8,6
1470722,141745,152904,2023,8,0
3830228,525190,756477,2023,8,1
3892988,538735,763559,2023,8,2
3949260,557363,778450,2023,8,3
3989920,530937,794436,2023,8,4
2507612,265201,425928,2023,8,5
1496347,152343,170969,2023,8,6
3843338,513988,762421,2023,8,0
3926917,535322,768372,2023,8,1
3954262,531352,772470,2023,8,2
3936569,537085,770899,2023,8,3
3978193,524814,787493,2023,9,4
2256013,247423,345418,2023,9,5
987214,109317,114315,2023,9,6
3787224,520420,752468,2023,9,0
3936215,535872,770500,2023,9,1
3752760,538437,757610,2023,9,2
3350958,527541,706748,2023,9,3
4023953,534894,784053,2023,9,4
2633587,273906,389731,2023,9,5
1590223,156675,180000,2023,9,6
3157884,479100,697433,2023,9,0
4008768,538605,780312,2023,9,1
4049409,547738,791663,2023,9,2
4048431,585516,807884,2023,9,3
4066631,538302,807637,2023,9,4
2638030,277477,457063,2023,9,5
1334588,123646,149829,2023,9,6
3921444,513934,767891,2023,9,0
3970560,552623,777078,2023,9,1
3940228,544059,767520,2023,9,2
3507997,485331,720474,2023,9,3
3959797,474542,780458,2023,9,4
2529964,204852,435709,2023,9,5
1469640,148204,174023,2023,9,6
3753264,482791,721219,2023,9,0
3818048,521975,739340,2023,9,1
4014555,552967,773372,2023,9,2
4009350,567717,786995,2023,9,3
3992097,563935,786138,2023,9,4
2579648,281029,467665,2023,9,5
1520759,156617,182912,2023,10,6
3913201,515535,755284,2023,10,0
3778358,540817,769799,2023,10,1
3828482,538931,764574,2023,10,2
4066166,554821,793976,2023,10,3
4066937,537628,807967,2023,10,4
2721535,291771,488818,2023,10,5
1646153,161058,188333,2023,10,6
3985320,525131,788134,2023,10,0
4074030,557475,796806,2023,10,1
3981444,549407,776578,2023,10,2
4114665,572560,826247,2023,10,3
2237759,235939,391258,2023,10,4
2480917,253135,446256,2023,10,5
1500682,141980,192587,2023,10,6
1474362,149294,232267,2023,10,0
4004208,534537,776418,2023,10,1
4043456,551617,759838,2023,10,2
4046099,562189,792388,2023,10,3
4076930,542280,804220,2023,10,4
2495342,248643,439957,2023,10,5
236439,274,3516,2023,10,6
3384721,473526,663522,2023,10,0
3957456,535606,755149,2023,10,1
4029706,562901,795726,2023,10,2
4034156,551610,790339,2023,10,3
4034081,534438,802529,2023,10,4
2615105,280514,477188,2023,10,5
1432924,146764,163307,2023,10,6
3614930,500481,696811,2023,10,0
3694743,527520,729830,2023,10,1
3946509,541613,758108,2023,11,2
3021387,490832,613358,2023,11,3
3851698,545642,759603,2023,11,4
2560304,332848,282634,2023,11,5
1625772,163750,190515,2023,11,6
3939887,519799,768471,2023,11,0
4004278,555504,783344,2023,11,1
4086454,549296,790407,2023,11,2
4111588,596064,802179,2023,11,3
3586458,511103,716442,2023,11,4
2687497,294466,482467,2023,11,5
1612948,166447,198392,2023,11,6
3940309,522494,770733,2023,11,0
4054276,551393,793092,2023,11,1
4025335,556175,777705,2023,11,2
4053602,551717,792443,2023,11,3
4020818,534301,796235,2023,11,4
2596776,271424,474103,2023,11,5
245598,1052,6634,2023,11,6
1540509,153196,236574,2023,11,0
3865493,534167,760073,2023,11,1
4024262,546438,778573,2023,11,2
4008857,557937,785724,2023,11,3
4025179,540659,797905,2023,11,4
2608677,291875,468826,2023,11,5
1550563,160509,176522,2023,11,6
3786965,502517,741469,2023,11,0
3825784,539923,761065,2023,11,1
3621302,510189,707400,2023,11,2
3952409,536574,775518,2023,11,3
3463368,482830,701040,2023,12,4
2646077,291104,403984,2023,12,5
1393303,145262,159407,2023,12,6
3812954,518691,737733,2023,12,0
3809210,540116,757742,2023,12,1
3467519,517985,691040,2023,12,2
3974768,584375,800022,2023,12,3
2135294,239060,349755,2023,12,4
2525084,271260,450465,2023,12,5
1506546,155715,180879,2023,12,6
3736773,513565,767668,2023,12,0
3754739,531408,760302,2023,12,1
3645404,524282,733650,2023,12,2
3757536,535081,769677,2023,12,3
3788711,524752,775228,2023,12,4
2565782,276990,465883,2023,12,5
1076434,110451,41225,2023,12,6
3075779,463303,579700,2023,12,0
3635858,536647,743040,2023,12,1
3617911,487211,722397,2023,12,2
3710236,543944,783212,2023,12,3
3707432,500749,780146,2023,12,4
2564382,250076,454659,2023,12,5
1298191,105594,137868,2023,12,6
769610,76895,101499,2023,12,0
3016279,424322,677149,2023,12,1
3066816,463668,693746,2023,12,2
3051546,441843,695797,2023,12,3
3094848,413323,696036,2023,12,4
2236418,208789,392649,2023,12,5
1172117,94848,123018,2023,12,6
2747549,312685,615604,2024,2,3
2831687,300928,616279,2024,2,4
1998010,147866,362521,2024,2,5
1306339,90215,161344,2024,2,6
2904905,316743,658815,2024,2,0
2823565,325295,635735,2024,2,1
2849430,329152,640366,2024,2,2
2778225,286382,622715,2024,2,3
2770752,313088,625660,2024,2,4
1886152,146388,340944,2024,2,5
1244594,91527,153054,2024,2,6
1022887,81374,148577,2024,2,0
1425235,111227,228623,2024,2,1
3106928,351849,708520,2024,2,2
3026541,351442,682541,2024,2,3
3060866,327018,686643,2024,2,4
2107216,162998,397188,2024,2,5
1191308,87688,136663,2024,2,6
3023046,327549,669479,2024,2,0
3044894,344053,668545,2024,2,1
2863017,258822,1024,2024,2,2
3059011,355861,673625,2024,2,3
3154888,348063,692842,2024,2,4
2144539,173021,399961,2024,2,5
1237916,91003,138887,2024,2,6
2716825,321391,580952,2024,2,0
3185658,363572,695747,2024,2,1
3201712,369052,695080,2024,2,2
3190210,373930,703012,2024,2,3
3374167,338804,698883,2024,3,4
2037823,164490,375127,2024,3,5
1344184,101580,165496,2024,3,6
3347322,361868,715933,2024,3,0
3428553,378166,713724,2024,3,1
3679047,382528,732889,2024,3,2
3325510,467661,738444,2024,3,3
3459924,495959,741336,2024,3,4
2285021,238146,429580,2024,3,5
1382547,141667,180236,2024,3,6
3272015,450688,663253,2024,3,0
2321425,380279,493774,2024,3,1
2778610,437497,553805,2024,3,2
3051514,460070,602738,2024,3,3
3804487,505720,777137,2024,3,4
2329148,242818,454982,2024,3,5
1413574,145446,183461,2024,3,6
3710971,504908,770875,2024,3,0
3751809,527026,759978,2024,3,1
2342522,375926,492076,2024,3,2
3804285,544193,774092,2024,3,3
3881009,526959,793161,2024,3,4
2408147,257615,474657,2024,3,5
1427566,247598,184114,2024,3,6
3801601,518750,773807,2024,3,0
3859378,545183,779191,2024,3,1
3898781,545116,796890,2024,3,2
2401776,267964,532500,2024,3,3
1503447,167002,266087,2024,3,4
2005291,210599,383180,2024,3,5
1218350,125228,151135,2024,3,6
1302399,148787,221904,2024,4,0
1394903,149434,238571,2024,4,1
3161415,487773,644568,2024,4,2
3646869,545519,792351,2024,4,3
3899147,533752,787244,2024,4,4
2416735,264107,464657,2024,4,5
1430708,148000,183206,2024,4,6
3701371,518519,755745,2024,4,0
3844191,548605,778032,2024,4,1
3872937,570685,796523,2024,4,2
973674,533406,586453,2024,4,3
3876563,544258,806892,2024,4,4
1991073,233379,380770,2024,4,5
1100035,122059,130161,2024,4,6
3142959,492940,661498,2024,4,0
3781545,559174,762146,2024,4,1
3932145,561810,795159,2024,4,2
3947257,571436,802375,2024,4,3
3984842,554093,814364,2024,4,4
2504007,277220,497098,2024,4,5
1296712,133289,157844,2024,4,6
3334679,505833,677789,2024,4,0
3780951,685562,813890,2024,4,1
3912350,549495,784118,2024,4,2
3451827,549392,707727,2024,4,3
3444370,508248,702023,2024,4,4
2360065,266182,453685,2024,4,5
1383974,145973,176965,2024,4,6
3746706,523021,751661,2024,4,0
3758512,556412,754954,2024,4,1
1106290,135888,165100,2024,5,2
3870764,549936,757415,2024,5,3
3891541,537725,787250,2024,5,4
2418522,269781,463568,2024,5,5
1291316,129949,157926,2024,5,6
3656457,486593,701782,2024,5,0
3788721,542365,751950,2024,5,1
3890768,559417,754439,2024,5,2
304396,1,90,2024,5,3
4017633,540646,759728,2024,5,4
2470330,276177,456841,2024,5,5
1195949,128675,144314,2024,5,6
3772856,519434,699478,2024,5,0
3823785,540036,714066,2024,5,1
3816997,532646,706840,2024,5,2
3846780,544783,713757,2024,5,3
3849945,484330,713103,2024,5,4
2392639,227195,431748,2024,5,5
1332853,109690,150863,2024,5,6
3738404,446926,679260,2024,5,0
3774532,467571,705294,2024,5,1
3781534,467818,709054,2024,5,2
3326321,437864,669182,2024,5,3
3718271,446096,699790,2024,5,4
1758390,167709,279882,2024,5,5
1215830,104983,128471,2024,5,6
3567831,430361,667885,2024,5,0
3673052,457652,691854,2024,5,1
3748766,458825,695735,2024,5,2
3723868,441403,456327,2024,5,3
3768760,447418,697867,2024,5,4
2342976,210595,405960,2024,6,5
1161525,93307,128981,2024,6,6
3698679,430050,687209,2024,6,0
3659657,421135,619956,2024,6,1
3720470,438807,671423,2024,6,2
3835307,459340,716044,2024,6,3
3858677,448272,724982,2024,6,4
2454445,216503,438343,2024,6,5
1407005,109600,159431,2024,6,6
3842852,434955,711549,2024,6,0
3792562,434745,685836,2024,6,1
3658281,458099,697567,2024,6,2
3936305,471105,727186,2024,6,3
3874449,455104,728504,2024,6,4
2584348,224373,452329,2024,6,5
1356075,109937,159750,2024,6,6
1450994,122480,228628,2024,6,0
3808040,455440,712576,2024,6,1
3886727,419926,723607,2024,6,2
1733672,162625,292279,2024,6,3
1404439,134316,204119,2024,6,4
2043052,178813,349622,2024,6,5
1296369,105369,150674,2024,6,6
3748339,427733,697598,2024,6,0
3751733,430435,652463,2024,6,1
3733898,441668,690266,2024,6,2
3753682,435145,682192,2024,6,3
3857496,450138,719009,2024,6,4
2290782,211043,398978,2024,6,5
1300494,109781,139139,2024,6,6
3733713,422595,687918,2024,7,0
3823161,450167,695884,2024,7,1
3817227,449109,697020,2024,7,2
3767820,458880,696300,2024,7,3
3660359,443397,708644,2024,7,4
2325760,216583,400878,2024,7,5
1340954,121333,149755,2024,7,6
3587586,429477,676088,2024,7,0
1394248,152635,204712,2024,7,1
3639795,445974,678795,2024,7,2
3601201,451135,682420,2024,7,3
3699135,443078,700945,2024,7,4
2343801,228694,412217,2024,7,5
1328098,129189,147646,2024,7,6
2863195,368825,605442,2024,7,0
3060141,401872,655226,2024,7,1
3150418,422242,678569,2024,7,2
3150263,421499,680680,2024,7,3
3097188,391546,655847,2024,7,4
2168476,216811,364823,2024,7,5
1315956,126433,154924,2024,7,6
2869750,360853,617613,2024,7,0
2992161,395575,644233,2024,7,1
2840617,370939,592475,2024,7,2
3126056,414626,679805,2024,7,3
3189046,401153,675061,2024,7,4
2367767,237857,410546,2024,7,5
1433986,130739,164557,2024,7,6
3552669,387651,641082,2024,7,0
3606120,413335,646684,2024,7,1
3663452,419608,653188,2024,7,2
3681075,428241,662767,2024,8,3
3748965,417847,686595,2024,8,4
2059328,199415,318433,2024,8,5
1399330,122910,156972,2024,8,6
3679024,430795,673623,2024,8,0
3526081,444752,639875,2024,8,1
3785621,477234,688880,2024,8,2
3555067,457646,631542,2024,8,3
3790244,453337,688637,2024,8,4
2458591,235412,424829,2024,8,5
1426707,128553,160178,2024,8,6
3707848,425876,673379,2024,8,0
3836763,459012,699563,2024,8,1
3747350,463357,709869,2024,8,2
3872311,477147,725219,2024,8,3
3862608,463101,722808,2024,8,4
2145965,215606,350239,2024,8,5
1373854,124757,151874,2024,8,6
3609729,439706,679241,2024,8,0
3595394,437987,649603,2024,8,1
3081970,414095,569607,2024,8,2
3621364,470821,668741,2024,8,3
3804413,460392,714907,2024,8,4
2316710,222113,400628,2024,8,5
1341350,124840,150304,2024,8,6
3755342,446686,697960,2024,8,0
3837095,468674,706124,2024,8,1
3854983,470997,707160,2024,8,2
3830930,471898,711321,2024,8,3
3104764,411079,592267,2024,8,4
1457173,158873,218861,2024,8,5
1177628,114248,122440,2024,9,6
3774034,449662,699720,2024,9,0
3855051,473423,715886,2024,9,1
3869218,482338,715897,2024,9,2
3849167,481157,714332,2024,9,3
3892400,469792,733502,2024,9,4
2498400,235822,445764,2024,9,5
1493061,127228,173596,2024,9,6
3766342,447407,703485,2024,9,0
3721229,464374,686059,2024,9,1
3238889,460879,683779,2024,9,2
3858353,471103,709259,2024,9,3
3896219,457103,737022,2024,9,4
2426591,224079,418997,2024,9,5
1433853,126270,156332,2024,9,6
3769334,440004,666569,2024,9,0
3838637,462223,701243,2024,9,1
3834168,466532,707517,2024,9,2
3579313,451723,660632,2024,9,3
3908133,463182,721792,2024,9,4
2390240,221110,407438,2024,9,5
1269170,118005,141593,2024,9,6
3724724,437548,698578,2024,9,0
3816986,463863,710678,2024,9,1
3802321,461314,701114,2024,9,2
3656460,437066,681899,2024,9,3
3832802,447471,717029,2024,9,4
2412629,228066,418325,2024,9,5
1448102,131568,157164,2024,9,6
3388572,411403,642644,2024,9,0
3849030,447296,714183,2024,10,1
3443611,481448,702953,2024,10,2
3824684,436283,702402,2024,10,3
3870135,438094,731677,2024,10,4
2449820,224052,451338,2024,10,5
1442466,118691,164146,2024,10,6
3689092,417174,701123,2024,10,0
3867408,459930,721079,2024,10,1
3889591,462407,727446,2024,10,2
3807923,444025,717332,2024,10,3
1974844,177769,320998,2024,10,4
1904668,166298,302700,2024,10,5
1240821,102397,138563,2024,10,6
3685927,418551,690801,2024,10,0
3825198,448606,704576,2024,10,1
3879538,454265,724303,2024,10,2
3652925,426103,674933,2024,10,3
3915926,438588,735239,2024,10,4
2497909,218369,441201,2024,10,5
1386546,113361,168320,2024,10,6
3529132,389453,654876,2024,10,0
3693956,422506,676558,2024,10,1
3281148,409861,618854,2024,10,2
3497559,432819,658602,2024,10,3
3771544,427461,711780,2024,10,4
2406362,209360,421793,2024,10,5
1426953,111781,160825,2024,10,6
3775071,419244,712605,2024,10,0
3834985,446749,715669,2024,10,1
2867445,27,343,2024,10,2
3420951,394466,617385,2024,10,3
3814842,434003,720919,2024,11,4
2219390,233393,385591,2024,11,5
1391220,106322,158920,2024,11,6
3119302,391204,601669,2024,11,0
3919409,449402,726567,2024,11,1
3879724,435975,723093,2024,11,2
3855752,452480,723824,2024,11,3
3889200,434399,738393,2024,11,4
2481037,171118,444834,2024,11,5
1371610,113347,164883,2024,11,6
3700432,408406,682644,2024,11,0
3860537,438425,716342,2024,11,1
3889643,441425,719895,2024,11,2
3858690,445505,719468,2024,11,3
3838371,425086,720399,2024,11,4
2307063,197122,405413,2024,11,5
1064100,93805,116900,2024,11,6
1497163,125714,227969,2024,11,0
3736123,433747,703104,2024,11,1
3859722,381206,701324,2024,11,2
3827958,439174,709117,2024,11,3
3853048,420324,714937,2024,11,4
2391564,205639,413250,2024,11,5
1358855,109226,154915,2024,11,6
3540938,393907,649461,2024,11,0
3572258,414208,652859,2024,11,1
3468769,405793,641288,2024,11,2
3771480,425783,689681,2024,11,3
3791953,407655,697885,2024,11,4
2397364,204847,421462,2024,11,5
1106071,94580,120976,2024,12,6
3634694,389333,647269,2024,12,0
3655047,387455,564985,2024,12,1
3693770,396607,679697,2024,12,2
3581181,404683,685032,2024,12,3
3594151,377813,665867,2024,12,4
2484548,206738,419972,2024,12,5
1455683,115729,160048,2024,12,6
3394798,364376,684038,2024,12,0
3585972,386316,690643,2024,12,1
3588536,377267,690283,2024,12,2
3563674,386996,687350,2024,12,3
3545913,382329,678268,2024,12,4
2480858,177914,408435,2024,12,5
1452652,107962,158988,2024,12,6
3451738,352723,683052,2024,12,0
3476956,365763,684180,2024,12,1
3476504,355340,619675,2024,12,2
3484482,386721,700503,2024,12,3
3593539,378565,715318,2024,12,4
2577081,203477,437667,2024,12,5
1578267,111253,173155,2024,12,6
3278495,328238,666541,2024,12,0
1842759,122789,323158,2024,12,1
644780,46004,79601,2024,12,2
2810147,286317,589172,2024,12,3
2976752,293401,614924,2024,12,4
2124050,151157,362804,2024,12,5
1270025,81253,138001,2024,12,6
2780409,263642,579487,2024,12,0
1613157,101214,288613,2024,12,1
567642,37314,67417,2025,1,2
2416320,236200,490263,2025,1,3
2649136,252607,552411,2025,1,4
1938511,135130,336373,2025,1,5
1186918,76364,138726,2025,1,6
2658320,264333,567009,2025,1,0
2660221,266258,565846,2025,1,1
2655389,266246,567585,2025,1,2
2666785,266277,563462,2025,1,3
2728851,254485,577254,2025,1,4
1952634,132371,331410,2025,1,5
1175762,73117,137531,2025,1,6
2601496,246118,557592,2025,1,0
2627750,257303,549778,2025,1,1
2608280,249576,546150,2025,1,2
2486600,239401,518664,2025,1,3
2622400,237911,540459,2025,1,4
1880108,124220,304388,2025,1,5
926551,59455,103316,2025,1,6
2652381,247292,563254,2025,1,0
2711993,261288,577059,2025,1,1
2654501,250551,563116,2025,1,2
2573721,282939,546224,2025,1,3
2613119,239955,550211,2025,1,4
1943941,132014,336878,2025,1,5
1191636,73202,132588,2025,1,6
2572385,241653,562042,2025,1,0
2604526,229105,304025,2025,1,1
2712978,263522,593488,2025,1,2
2672053,258204,579338,2025,1,3
2732842,251044,584231,2025,1,4
1935024,188987,344113,2025,2,5
1138334,68804,123160,2025,2,6
2524138,245008,549759,2025,2,0
2575077,258314,548833,2025,2,1
2143741,226180,439599,2025,2,2
2917505,292196,627496,2025,2,3
2903254,274537,628143,2025,2,4
2027861,140248,352355,2025,2,5
1157345,78424,128540,2025,2,6
2678870,254733,580077,2025,2,0
2465392,251283,474947,2025,2,1
2989214,290230,641212,2025,2,2
2997700,292302,640124,2025,2,3
2953825,275019,621152,2025,2,4
2060795,141917,354523,2025,2,5
1172795,76651,123637,2025,2,6
2984469,273438,626116,2025,2,0
3057292,290973,634688,2025,2,1
3066510,287680,629035,2025,2,2
3046638,293684,620980,2025,2,3
2997583,270982,621522,2025,2,4
1990887,133421,321925,2025,2,5
1196141,72748,121052,2025,2,6
2638774,265519,519084,2025,2,0
3061830,289373,581691,2025,2,1
3068969,291207,584196,2025,2,2
3115478,301061,595179,2025,2,3
2918277,278280,573861,2025,2,4
2065219,145540,298505,2025,3,5
1023793,72787,113079,2025,3,6
987418,74713,137851,2025,3,0
1349293,92690,190960,2025,3,1
3278950,262243,591126,2025,3,2
3201551,296455,597903,2025,3,3
3258337,296746,628503,2025,3,4
2006480,166795,327584,2025,3,5
1348254,92707,146760,2025,3,6
3623218,330585,670706,2025,3,0
3623539,337541,661659,2025,3,1
3676619,355729,678465,2025,3,2
3716634,347140,678192,2025,3,3
3762119,335080,700479,2025,3,4
2329788,170557,398003,2025,3,5
1316646,90780,145329,2025,3,6
3669024,321628,674758,2025,3,0
3713698,332510,671942,2025,3,1
3745882,345348,689005,2025,3,2
3810444,363034,702846,2025,3,3
3786906,343251,723778,2025,3,4
2235947,161899,412126,2025,3,5
1144979,81428,140692,2025,3,6
1313869,162473,222719,2025,3,0
3857087,365639,714100,2025,3,1
3864971,362931,714530,2025,3,2
3754942,362848,716008,2025,3,3
3673159,336002,682532,2025,3,4
2331809,170121,404815,2025,3,5
1270889,83524,145437,2025,3,6
3613698,340939,682100,2025,3,0
3924675,372731,735558,2025,4,1
1549022,112381,238167,2025,4,2
3918323,375788,738865,2025,4,3
3865022,357667,733161,2025,4,4
2347607,174510,414084,2025,4,5
1379300,101622,162060,2025,4,6
3551254,345251,685161,2025,4,0
3749831,368795,705655,2025,4,1
3712840,351876,666867,2025,4,2
2349656,42,475,2025,4,3
3996539,361768,749675,2025,4,4
2387849,183328,418252,2025,4,5
1434718,104584,165126,2025,4,6
3871128,358515,730215,2025,4,0
3872117,369924,713671,2025,4,1
3922637,388147,740703,2025,4,2
2179349,177495,439830,2025,4,3
1420654,114502,210254,2025,4,4
2069399,156824,359525,2025,4,5
1271251,88961,142063,2025,4,6
3719371,349580,700178,2025,4,0
3756328,359155,701084,2025,4,1
3788042,364990,699467,2025,4,2
3856818,379194,716191,2025,4,3
3846334,374316,722601,2025,4,4
2286226,188092,386134,2025,4,5
1295234,99012,146667,2025,4,6
3757313,360378,706947,2025,4,0
3850693,372933,711583,2025,4,1
3907303,396752,738414,2025,4,2
1092443,86594,154773,2025,5,3
2336561,196936,413831,2025,5,4
2204128,174003,378887,2025,5,5
1251892,93386,133971,2025,5,6
3348516,336224,631989,2025,5,0
891014,344861,467945,2025,5,1
3768616,369252,699247,2025,5,2
3745020,371866,698385,2025,5,3
3909362,371718,739997,2025,5,4
2404068,195982,427269,2025,5,5
1375420,105920,154407,2025,5,6
3775494,352014,716590,2025,5,0
3820319,358628,710924,2025,5,1
3810659,355869,702410,2025,5,2
3761342,359606,706114,2025,5,3
2555904,298265,533390,2025,5,4
1471440,121748,240275,2025,5,5
1259150,100420,130039,2025,5,6
3659461,339055,681456,2025,5,0
3574992,358343,694622,2025,5,1
3794164,354484,692000,2025,5,2
3622098,357882,688533,2025,5,3
3703916,333207,684773,2025,5,4
2297998,180836,412448,2025,5,5
1275827,97922,146649,2025,5,6
3387356,320733,633261,2025,5,0
2849738,315227,553277,2025,5,1
3758323,356725,654444,2025,5,2
3728802,352384,689734,2025,5,3
3727659,346051,700081,2025,5,4
2258390,176418,396206,2025,5,5
1290144,91660,141622,2025,6,6
3664322,327094,691783,2025,6,0
3719947,336877,683537,2025,6,1
3724437,357235,700427,2025,6,2
3755903,348609,701545,2025,6,3
3760822,341076,719649,2025,6,4
2304005,175435,405803,2025,6,5
1302123,95202,138801,2025,6,6
3675300,329915,697241,2025,6,0
3729970,348199,705182,2025,6,1
3547727,339233,684682,2025,6,2
3733005,341872,697403,2025,6,3
3586191,328498,693807,2025,6,4
1928822,150285,321039,2025,6,5
1219544,86035,128894,2025,6,6
1249349,92961,184615,2025,6,0
3668372,332588,639203,2025,6,1
3494041,340351,637764,2025,6,2
3801154,353144,662621,2025,6,3
1712765,128130,246828,2025,6,4
2110998,159454,359785,2025,6,5
1117977,79915,114414,2025,6,6
3186290,297000,608474,2025,6,0
3522345,314745,651199,2025,6,1
3665211,326474,667753,2025,6,2
3621884,324163,663359,2025,6,3
3547533,317466,676654,2025,6,4
2227825,167473,397116,2025,6,5
1140902,81697,122266,2025,6,6
3372045,300771,626191,2025,6,0
3334619,306612,623244,2025,7,1
3483369,315637,633819,2025,7,2
3500582,312661,658924,2025,7,3
3689390,326576,690590,2025,7,4
2287976,182461,405755,2025,7,5
1303607,96498,137814,2025,7,6
3597789,319700,661307,2025,7,0
3739492,341246,684909,2025,7,1
1462747,100432,138044,2025,7,2
3711853,345205,691797,2025,7,3
3733629,338961,683527,2025,7,4
2294671,180804,406181,2025,7,5
1313078,95770,145163,2025,7,6
3583140,315515,640148,2025,7,0
3636186,332095,657095,2025,7,1
2808342,297817,521692,2025,7,2
3520578,350741,649120,2025,7,3
3642667,332098,677503,2025,7,4
2300773,181061,402057,2025,7,5
1489141,113357,165973,2025,7,6
2866670,277873,610780,2025,7,0
2888410,288073,614341,2025,7,1
2914692,296927,617630,2025,7,2
2916003,294184,617671,2025,7,3
2724073,274049,572823,2025,7,4
2030045,169401,359317,2025,7,5
1154146,98028,132888,2025,7,6
2795400,265368,602473,2025,7,0
2881690,283244,620817,2025,7,1
2928340,287038,622866,2025,7,2
2882547,280862,608669,2025,7,3
2488432,237424,519171,2025,8,4
2176773,169545,386889,2025,8,5
1312668,95816,147249,2025,8,6
3549990,274334,635385,2025,8,0
3576369,320835,641119,2025,8,1
3622618,327559,651106,2025,8,2
3586044,343595,657990,2025,8,3
3643721,330353,664983,2025,8,4
2275632,176776,378677,2025,8,5
1344794,97202,134710,2025,8,6
3590771,313303,615957,2025,8,0
3725586,339629,640890,2025,8,1
3715806,343451,640425,2025,8,2
3731572,356388,657132,2025,8,3
2323351,183521,394681,2025,8,4
2106604,157534,340770,2025,8,5
1189858,89601,122638,2025,8,6
3562194,318858,653523,2025,8,0
2344898,276341,471923,2025,8,1
3024686,314230,556250,2025,8,2
3772892,353091,699979,2025,8,3
3662047,334837,675536,2025,8,4
2277026,171783,383037,2025,8,5
1305893,95570,149268,2025,8,6
3712495,324452,681678,2025,8,0
3757436,335847,684499,2025,8,1
3750134,337679,677057,2025,8,2
3779439,343968,687253,2025,8,3
3742239,332184,690490,2025,8,4
2188794,161395,371443,2025,8,5
818565,60255,88306,2025,8,6
3153242,299889,584279,2025,9,0
3526714,328444,652877,2025,9,1
3724900,337898,679629,2025,9,2
3737597,342097,690840,2025,9,3
3733334,330119,700194,2025,9,4
2259780,168141,403569,2025,9,5
865692,84114,101624,2025,9,6
3642729,321137,666863,2025,9,0
3789632,339628,693824,2025,9,1
3751880,339775,675804,2025,9,2
3203424,318057,678963,2025,9,3
3684325,314216,665548,2025,9,4
2294060,163938,390611,2025,9,5
1348402,89920,143059,2025,9,6
3546167,313659,628572,2025,9,0
3752424,326281,685936,2025,9,1
3633432,356118,683267,2025,9,2
3708057,329915,671108,2025,9,3
3206116,302611,613462,2025,9,4
1948383,140748,320876,2025,9,5
1231812,94297,128154,2025,9,6
3695729,315489,645107,2025,9,0
3729520,323668,645657,2025,9,1
3695750,308800,476341,2025,9,2
3724452,324238,499484,2025,9,3
3734632,313605,541593,2025,9,4
1797792,141556,280725,2025,9,5
1337867,94292,138138,2025,9,6
3510465,300761,630461,2025,9,0
3715161,324904,646068,2025,9,1
3754915,328270,665230,2025,10,2
3713171,317848,656759,2025,10,3
3778388,329765,670327,2025,10,4
2289671,167581,409444,2025,10,5
1072900,78087,114723,2025,10,6
3642445,312666,658597,2025,10,0
3710910,312073,677343,2025,10,1
3668903,326833,683128,2025,10,2
3851252,344603,704554,2025,10,3
1874426,134607,281730,2025,10,4
2119872,152946,328272,2025,10,5
1147441,80785,116754,2025,10,6
3664742,311551,629420,2025,10,0
3445298,316190,667959,2025,10,1
3787812,322181,665079,2025,10,2
3801975,327892,669770,2025,10,3
3723983,324142,673927,2025,10,4
2379776,166295,395986,2025,10,5
1303947,82357,140347,2025,10,6
3598801,304118,648731,2025,10,0
3679542,307019,646390,2025,10,1
3696378,316867,641206,2025,10,2
3773824,326358,672269,2025,10,3
2904619,278202,536331,2025,10,4
1741511,123681,261952,2025,10,5
916899,86341,78794,2025,10,6
3573908,297293,641607,2025,10,0
3731415,315834,646978,2025,10,1
3701779,314750,655056,2025,10,2
3745279,315927,658662,2025,10,3
3779568,319177,667821,2025,10,4
2280924,199303,381550,2025,11,5
1238857,84253,121760,2025,11,6
3644734,304030,653938,2025,11,0
3330441,302739,609607,2025,11,1
3788018,320678,668460,2025,11,2
3741930,316397,666690,2025,11,3
3392472,314241,644699,2025,11,4
2261732,144825,404710,2025,11,5
1283154,86126,138430,2025,11,6
3651755,300431,659904,2025,11,0
3669506,315039,649805,2025,11,1
3735349,312158,624107,2025,11,2
3756275,316584,634521,2025,11,3
3726373,309206,648573,2025,11,4
2238728,162695,369408,2025,11,5
1169252,81202,116980,2025,11,6
3670565,296437,618699,2025,11,0
3732275,307031,639563,2025,11,1
3525284,314690,641653,2025,11,2
3454962,310749,600592,2025,11,3
2300651,166521,396464,2025,11,4
2155802,153418,351198,2025,11,5
1333162,90325,126522,2025,11,6
1363689,98262,192788,2025,11,0
3660790,300258,623842,2025,11,1
3633130,299521,621736,2025,11,2
3625694,303744,618928,2025,11,3
3675288,296744,634635,2025,11,4
1830778,134241,299004,2025,11,5
1092589,71854,103873,2025,11,6
3478671,280797,614093,2025,12,0
3609184,295208,638472,2025,12,1
3364625,292520,633147,2025,12,2
3528861,300765,614581,2025,12,3
3392467,291983,624659,2025,12,4
2204511,159595,385768,2025,12,5
1346613,90405,138963,2025,12,6
1398343,96533,194242,2025,12,0
3322757,292670,638796,2025,12,1
3553381,301771,648656,2025,12,2
3458384,302775,625804,2025,12,3
3528375,297474,644179,2025,12,4
2227857,158725,369390,2025,12,5
1204558,80291,112819,2025,12,6
3392742,279407,631846,2025,12,0
3435501,291537,646813,2025,12,1
3447163,297307,635476,2025,12,2
3303166,312751,630841,2025,12,3
3437408,295822,640914,2025,12,4
2207724,158275,369575,2025,12,5
1407674,89762,141630,2025,12,6
3284988,282873,636948,2025,12,0
3093615,271132,608309,2025,12,1
1784958,102249,292206,2025,12,2
588451,37085,64973,2025,12,3
2464433,203761,491847,2025,12,4
1828588,114095,292375,2025,12,5
1103029,63432,101061,2025,12,6
2651432,223004,527171,2025,12,0
2531885,211290,501363,2025,12,1
1421086,82086,227844,2025,12,2
531707,33667,54292,2026,1,3
2217153,175352,440407,2026,1,4
1727281,111285,280808,2026,1,5
1066846,65038,102412,2026,1,6
2560220,216403,519891,2026,1,0
2538327,217461,514270,2026,1,1
2494850,213790,503583,2026,1,2
2567784,223960,526361,2026,1,3
2622183,216286,531148,2026,1,4
1650585,105940,256913,2026,1,5
1107559,67512,103432,2026,1,6
2484593,212104,483225,2026,1,0
2515521,218080,487579,2026,1,1
2539793,215594,483291,2026,1,2
2413723,206768,458680,2026,1,3
2665001,210918,508516,2026,1,4
1800380,116988,292750,2026,1,5
1099314,68222,96852,2026,1,6
2552140,214153,504385,2026,1,0
2583561,218498,503479,2026,1,1
2586462,216823,498711,2026,1,2
2558468,215217,495753,2026,1,3
2577860,210190,494557,2026,1,4
1766178,111256,285852,2026,1,5
1041548,62357,95885,2026,1,6
2392243,201926,468311,2026,1,0
2480819,213812,478463,2026,1,1
2557394,220179,495453,2026,1,2
2545444,217781,491978,2026,1,3
2585986,214148,503751,2026,1,4
1820170,120747,293911,2026,1,5
1082810,62172,96442,2026,2,6
2554594,221312,496223,2026,2,0
2499830,223310,484815,2026,2,1
2591664,230080,504261,2026,2,2
2507655,217099,441336,2026,2,3
2699180,234628,542989,2026,2,4
1893920,133625,283309,2026,2,5
1105380,69745,90191,2026,2,6
2675676,229414,520647,2026,2,0
2711985,240400,521141,2026,2,1
2710047,243709,515974,2026,2,2
2798791,239567,533987,2026,2,3
2867346,244570,554865,2026,2,4
1953797,135995,251717,2026,2,5
957025,64862,69206,2026,2,6
1235150,81020,139960,2026,2,0
1226126,78847,132629,2026,2,1
2890670,248374,527728,2026,2,2
357519,5,347,2026,2,3
3054832,258068,567024,2026,2,4
1936653,125976,309019,2026,2,5
1119741,69439,98304,2026,2,6
2875942,240141,536148,2026,2,0
2869064,251539,520722,2026,2,1
3005677,261872,540744,2026,2,2
2990878,265704,551530,2026,2,3
2990437,266004,549046,2026,2,4
1992932,133231,315281,2026,2,5
1135807,72425,106050,2026,3,6
2955578,254661,544994,2026,3,0
3111450,263048,543121,2026,3,1
3226933,273579,561592,2026,3,2
3230214,277027,555779,2026,3,3
3255443,270485,574982,2026,3,4
2047775,136982,327919,2026,3,5
1188143,77964,108481,2026,3,6
3259592,300157,589215,2026,3,0
3548370,294161,592810,2026,3,1
3571624,294173,596008,2026,3,2
3548981,294882,604841,2026,3,3
3597772,288355,631305,2026,3,4
2084770,139951,358686,2026,3,5
1207925,79363,132899,2026,3,6
3462110,280257,592661,2026,3,0
3341473,288785,571111,2026,3,1
3641491,303610,622432,2026,3,2
3630219,309051,622319,2026,3,3
3610135,298223,626994,2026,3,4
1752847,122272,265000,2026,3,5
1232436,86580,119580,2026,3,6
1875267,146055,319437,2026,3,0
1318783,170328,220385,2026,3,1
3698821,313608,645490,2026,3,2
3671241,315100,635547,2026,3,3
3639552,305693,636301,2026,3,4
1890387,129953,291493,2026,3,5
992083,65675,93302,2026,3,6
3557021,303627,622456,2026,3,0
3581526,312554,613473,2026,3,1
3489286,309847,610124,2026,4,2
1492043,104458,205806,2026,4,3
1192621,88183,148839,2026,4,4
1824600,131913,272837,2026,4,5
1083032,72020,100977,2026,4,6
2999535,284618,544150,2026,4,0
3285647,306419,588912,2026,4,1
3471524,316976,613535,2026,4,2
3453696,320947,630215,2026,4,3
3697243,317105,661525,2026,4,4
2148176,157117,362469,2026,4,5
1237268,90788,127943,2026,4,6
3654272,308107,632480,2026,4,0
3696085,320565,652155,2026,4,1
3142502,299443,562826,2026,4,2
3443926,319323,614900,2026,4,3
3589577,319786,647986,2026,4,4
2197500,191363,374619,2026,4,5
1185271,84750,120131,2026,4,6
3521587,308471,626222,2026,4,0
3235934,309416,594147,2026,4,1
3704687,326193,644988,2026,4,2
3656338,324470,623382,2026,4,3
3702610,321469,658349,2026,4,4
2131539,159976,359854,2026,4,5
1115978,93183,128201,2026,4,6
3501991,303476,614296,2026,4,0
3596349,318070,616788,2026,4,1
3559290,311561,602892,2026,4,2
3670134,343234,648449,2026,4,3
1058213,83509,147891,2026,5,4
1935623,148390,324183,2026,5,5
1125475,82606,117804,2026,5,6
3586936,309914,636994,2026,5,0
3619524,321231,638081,2026,5,1
3431617,319109,609748,2026,5,2
3370673,322547,605472,2026,5,3
3430048,321964,628011,2026,5,4
1814612,146970,293917,2026,5,5
1151319,85431,104700,2026,5,6
3592159,313046,640250,2026,5,0
3494875,367604,635260,2026,5,1
3621978,325914,632241,2026,5,2
3536617,314658,633719,2026,5,3
3623074,315387,644873,2026,5,4
2014131,152402,341446,2026,5,5
1137541,84176,113846,2026,5,6
3509909,305473,629956,2026,5,0
3566604,317516,624977,2026,5,1
3540784,323389,620645,2026,5,2
3551258,321242,628295,2026,5,3
3487639,306847,621689,2026,5,4
2024340,151206,329803,2026,5,5
1086701,77327,111217,2026,5,6
1085699,83447,141940,2026,5,0
3464726,312861,603538,2026,5,1
3437671,316373,603721,2026,5,2
3484408,319210,608221,2026,5,3
3438516,308988,603897,2026,5,4
2029928,150349,331191,2026,5,5
1105896,78705,111116,2026,5,6
3449285,268067,596728,2026,6,0
3510102,311917,609870,2026,6,1
3498662,345378,618898,2026,6,2
3442627,320680,607921,2026,6,3
3526040,330565,631717,2026,6,4
2041238,161563,338157,2026,6,5
1095436,91088,123109,2026,6,6
2845601,287392,521572,2026,6,0
3602390,317187,635341,2026,6,1
3584602,320922,632380,2026,6,2
3564578,323955,635414,2026,6,3
3615452,317618,643693,2026,6,4
1978722,151116,337213,2026,6,5
1113021,85030,113100,2026,6,6
1165035,85668,167120,2026,6,0
3573538,314300,629475,2026,6,1
3522691,311855,618657,2026,6,2
3201713,310366,557705,2026,6,3
3596865,315600,625877,2026,6,4
1817995,135854,274112,2026,6,5
1088550,75996,112215,2026,6,6
3048491,268971,535332,2026,6,0
3525681,309003,612215,2026,6,1
3472061,315365,610042,2026,6,2
3526204,314928,614729,2026,6,3
3492210,309167,621873,2026,6,4
2022008,147343,334585,2026,6,5
1046043,73877,104956,2026,6,6
3442823,293531,600984,2026,6,0
3206052,301243,598663,2026,6,1
3503492,306497,602117,2026,7,2
3391899,303297,570466,2026,7,3
3190385,286369,559376,2026,7,4
1887115,143204,309107,2026,7,5
911394,67731,93546,2026,7,6
3365360,300742,588249,2026,7,0
2779616,262269,476880,2026,7,1
3606849,331029,625964,2026,7,2
1341558,102982,149099,2026,7,3
2075897,167603,273684,2026,7,4
1809463,139191,217178,2026,7,5
1037794,78266,82796,2026,7,6
3354188,296490,580867,2026,7,0
3283268,307402,589014,2026,7,1
2484726,265219,441147,2026,7,2
3321318,306336,571705,2026,7,3
3214247,298152,557750,2026,7,4
1909875,146772,309246,2026,7,5
593089,83242,65714,2026,7,6
2382025,232433,464004,2026,7,0
2513367,260119,508676,2026,7,1
2634365,268857,535504,2026,7,2
2711171,277453,545960,2026,7,3
2695219,266292,548594,2026,7,4
1946950,167247,330983,2026,7,5
1190709,102413,138959,2026,7,6
2552241,243099,533097,2026,7,0
2634400,263719,545048,2026,7,1
2700203,270608,551392,2026,7,2
2672992,271111,558247,2026,7,3
2381620,238154,483658,2026,7,4
1700498,137453,275091,2026,8,5
1049800,83350,110945,2026,8,6
2866591,281347,549508,2026,8,0
3145212,295424,566747,2026,8,1
3242586,282747,557273,2026,8,2
2277328,289211,445183,2026,8,3
3351025,310707,594016,2026,8,4
1925577,153608,326166,2026,8,5
1133734,83230,119006,2026,8,6
3423197,302809,601881,2026,8,0
3430617,312829,596792,2026,8,1
3194029,287438,564254,2026,8,2
3377555,314038,593037,2026,8,3
3271159,299176,578529,2026,8,4
1893026,142182,300920,2026,8,5
1098121,86694,97284,2026,8,6
1110228,85870,153644,2026,8,0
3438003,308012,606128,2026,8,1
3493588,314379,612119,2026,8,2
3486415,311767,606148,2026,8,3
3458727,302132,614049,2026,8,4
1957150,145473,322312,2026,8,5
1111007,84954,118769,2026,8,6
3299060,291769,589554,2026,8,0
3374995,306049,604483,2026,8,1
