indice_tiempo,total_amba,colectivo_amba,subte_amba,tren_amba
2020-01-01,833160,774164,72180,112267
2020-01-02,3256719,2941242,511136,719232
2020-01-03,3517224,3189868,536129,779038
2020-01-04,2402504,2231075,232491,460891
2020-01-05,1478214,1381083,127770,203694
2020-01-06,3470185,3128048,543433,771588
2020-01-07,3495146,3155792,553337,773865
2020-01-08,3478358,3140755,546992,776059
2020-01-09,3439067,3102208,551974,771103
2020-01-10,3561347,3230721,551782,802187
2020-01-11,2365709,2203095,233528,442599
2020-01-12,1453935,1357190,128084,212369
2020-01-13,3436094,3102726,537425,767169
2020-01-14,3197516,2880576,519193,710393
2020-01-15,3169241,2862087,517225,662197
2020-01-16,3548782,3204902,561236,793932
2020-01-17,3586137,3253800,541901,812866
2020-01-18,2409974,2250199,197352,477356
2020-01-19,1454824,1368252,101496,210334
2020-01-20,3250505,2972548,428750,701020
2020-01-21,3225672,2941783,433795,699566
2020-01-22,3462964,3164928,452305,760902
2020-01-23,3414563,3118735,450568,754859
2020-01-24,3427909,3143003,440591,760372
2020-01-25,2250642,2108373,179852,429901
2020-01-26,1431137,1346408,103512,204393
2020-01-27,3397902,3096800,442972,759503
2020-01-28,3429602,3127197,454479,756664
2020-01-29,3345583,3049117,450519,735367
2020-01-30,3486768,3178859,465182,771040
2020-01-31,3546287,3243216,459544,794180
2020-02-01,2385415,2231375,196308,448703
2020-02-02,1450377,1369764,103537,189004
2020-02-03,3393579,3062297,531629,769954
2020-02-04,3426304,3094851,541188,763573
2020-02-05,3484271,3152378,551184,772402
2020-02-06,3463181,3132995,551675,772279
2020-02-07,3380997,3063696,541845,759137
2020-02-08,2513239,2340200,248893,469835
2020-02-09,1570069,1466148,139777,223128
2020-02-10,3692958,3339221,572371,830682
2020-02-11,3483290,3071927,613573,832963
2020-02-12,3770459,3409967,607412,847168
2020-02-13,3767086,3410186,594862,838335
2020-02-14,3840781,3496312,587572,851506
2020-02-15,2492846,2314426,249134,488689
2020-02-16,1440421,1343880,129724,207789
2020-02-17,3477437,3138657,562555,764252
2020-02-18,3825638,3473550,590904,834492
2020-02-19,3866824,3498194,615562,859757
2020-02-20,3847050,3484771,602950,841328
2020-02-21,3894624,3535034,597057,868115
2020-02-22,2499651,2320156,244534,484115
2020-02-23,1558266,1453901,140582,220437
2020-02-24,1650469,1529185,160708,282156
2020-02-25,1596850,1481128,146881,267602
2020-02-26,3890634,3519028,603603,862241
2020-02-27,3876652,3500803,618367,858127
2020-02-28,3969000,3601221,625069,880417
2020-02-29,2615847,2426503,267587,494149
2020-03-01,1544814,1443868,138446,203648
2020-03-02,3979644,3614028,600301,828547
2020-03-03,4048321,3677845,620704,834473
2020-03-04,4089524,3712376,631391,854225
2020-03-05,4175043,3794900,648779,874806
2020-03-06,4270198,3904370,642675,886728
2020-03-07,2747512,2549059,286495,531253
2020-03-08,1558718,1487483,146363,38214
2020-03-09,4183519,3773231,706371,900832
2020-03-10,4342731,3950136,668245,879948
2020-03-11,3604236,3274370,597087,717821
2020-03-12,4480298,4104566,641434,867412
2020-03-13,4438346,4081380,608112,877560
2020-03-14,1894644,1765229,190204,335365
2020-03-15,1288394,1217017,96872,159761
2020-03-16,2906241,2677895,358404,597311
2020-03-17,2304512,2139405,264685,458503
2020-03-18,2086701,1957959,203162,366762
2020-03-19,1895083,1833727,105581,234926
2020-03-20,771745,753861,20358,69314
2020-03-21,466313,457388,9359,35957
2020-03-22,234276,229813,5072,17221
2020-03-23,289893,284227,5676,23024
2020-03-24,262962,258003,4848,18542
2020-03-25,489782,477344,15573,47071
2020-03-26,487244,475249,15037,46084
2020-03-27,664179,650450,15099,52959
2020-03-28,437234,428942,7994,29120
2020-03-29,240399,236606,4288,14189
2020-03-30,525076,513545,13556,41815
2020-03-31,365101,358903,6202,23011
2020-04-01,591137,578664,15876,45990
2020-04-02,622586,610052,15549,44482
2020-04-03,795200,780544,17530,51507
2020-04-04,576231,567353,9523,31176
2020-04-05,327913,323173,5215,16186
2020-04-06,735397,719675,18656,55060
2020-04-07,747620,732266,18318,53128
2020-04-08,777558,761590,19189,55127
2020-04-09,637390,625215,14246,44184
2020-04-10,383790,377477,7089,22191
2020-04-11,489291,480975,9277,29787
2020-04-12,285994,281426,5262,15198
2020-04-13,781545,761625,22842,72455
2020-04-14,801978,782552,21926,68095
2020-04-15,835155,814113,23524,71875
2020-04-16,821149,800443,24008,70527
2020-04-17,862681,840692,25236,75882
2020-04-18,552206,541224,11785,39771
2020-04-19,295576,290498,6085,17392
2020-04-20,852876,829587,26779,78691
2020-04-21,846665,824027,26606,75366
2020-04-22,881295,857200,28030,80518
2020-04-23,880562,857397,27742,78647
2020-04-24,871275,848002,29232,79217
2020-04-25,513927,503281,12988,38101
2020-04-26,319222,313630,6418,18556
2020-04-27,867492,842805,30977,84194
2020-04-28,677731,660293,26360,62515
2020-04-29,986198,959755,32570,87238
2020-04-30,993713,965707,34980,90980
2020-05-01,403044,394879,8582,27234
2020-05-02,633879,620037,14270,46753
2020-05-03,337856,331427,6925,20137
2020-05-04,938896,911340,34345,91577
2020-05-05,971314,944037,33581,88928
2020-05-06,1016401,987339,35374,93671
2020-05-07,1036522,1006746,35748,95434
2020-05-08,1131709,1100456,37764,102875
2020-05-09,733270,716761,16630,55016
2020-05-10,379551,372196,7889,22468
2020-05-11,1081341,1048508,38379,110023
2020-05-12,1080122,1047612,38343,106318
2020-05-13,1103776,1070108,39612,110252
2020-05-14,1100332,1067123,40211,106392
2020-05-15,1168487,1133634,41302,116524
2020-05-16,757102,738269,18154,64476
2020-05-17,388394,380378,8379,24752
2020-05-18,1112982,1076935,42052,118097
2020-05-19,1106759,1071954,40875,113912
2020-05-20,1093649,1059097,41569,113398
2020-05-21,1029944,998075,40617,105167
2020-05-22,1106900,1072864,42341,114028
2020-05-23,755431,736117,18674,66009
2020-05-24,368825,361093,8349,23630
2020-05-25,341359,328683,9927,31631
2020-05-26,1022321,989366,38122,107003
2020-05-27,1026707,994012,38140,105940
2020-05-28,1038658,1005759,38834,105791
2020-05-29,1102787,1069189,39472,109835
2020-05-30,665194,649190,15173,53747
2020-05-31,339937,333047,7624,20769
2020-06-01,999628,967759,37033,104905
2020-06-02,1002044,969701,37410,104297
2020-06-03,1015116,982005,38283,108200
2020-06-04,1021721,988987,38333,106375
2020-06-05,1115942,1081587,40823,115941
2020-06-06,731791,714013,17632,60141
2020-06-07,371898,363577,8297,28513
2020-06-08,1089003,1054091,41291,116751
2020-06-09,1102637,1067925,40730,114315
2020-06-10,1126874,1091394,41223,115422
2020-06-11,1144576,1108340,42725,118019
2020-06-12,1195208,1158148,43412,124140
2020-06-13,783203,764012,19182,65059
2020-06-14,374391,366503,8446,24685
2020-06-15,514791,501610,12586,43963
2020-06-16,1151535,1114851,42700,123467
2020-06-17,1109318,1074797,40806,114411
2020-06-18,1072703,1039701,40117,110201
2020-06-19,1081861,1048929,37357,111105
2020-06-20,655690,640005,13624,53153
2020-06-21,355165,347745,8031,22915
2020-06-22,973778,943726,36187,99744
2020-06-23,954031,925050,36135,97669
2020-06-24,1013204,982225,36732,103568
2020-06-25,1040409,1009231,37331,101663
2020-06-26,1075657,1044517,37714,103968
2020-06-27,722416,704535,17348,60844
2020-06-28,357557,349296,8203,27007
2020-06-29,973262,942454,35181,102429
2020-06-30,884455,857281,35410,94747
2020-07-01,712394,687689,27694,84886
2020-07-02,742189,716117,29301,92779
2020-07-03,834340,806499,31474,100365
2020-07-04,564340,550344,14750,49522
2020-07-05,298963,291898,7396,24787
2020-07-06,843864,814750,32704,104493
2020-07-07,848270,819810,32817,103476
2020-07-08,916772,886423,34032,112400
2020-07-09,451293,439619,11404,42859
2020-07-10,508659,495582,13049,46865
2020-07-11,576852,562650,15030,51653
2020-07-12,306220,299117,7653,23802
2020-07-13,908085,877501,34305,114805
2020-07-14,893690,863814,33185,112957
2020-07-15,921511,891010,34385,113345
2020-07-16,890929,862026,33684,105770
2020-07-17,1022825,990625,35742,123340
2020-07-18,660452,643625,16488,64211
2020-07-19,356246,348627,8457,25198
2020-07-20,1003418,969671,37091,127018
2020-07-21,963185,930470,36544,122419
2020-07-22,971686,938170,37292,125183
2020-07-23,934802,903713,36795,117808
2020-07-24,1021099,987035,39369,127837
2020-07-25,712594,696814,17959,57244
2020-07-26,365833,357788,8603,27251
2020-07-27,1012016,976262,39145,132654
2020-07-28,997701,963717,38561,122098
2020-07-29,1002939,968324,39578,128974
2020-07-30,1005860,970219,39712,131818
2020-07-31,1055472,1019875,41350,130070
2020-08-01,760317,740587,19802,70668
2020-08-02,372487,364245,8960,26624
2020-08-03,1037744,1002947,41573,127463
2020-08-04,1033061,999336,41266,119478
2020-08-05,1092238,1057453,42397,123594
2020-08-06,1048749,1013086,42079,130512
2020-08-07,1051207,1016424,42959,134096
2020-08-08,781113,760529,20724,72092
2020-08-09,379100,370661,9107,26812
2020-08-10,1117080,1078423,43634,141583
2020-08-11,1117232,1078613,44657,142147
2020-08-12,1121739,1083922,44413,136552
2020-08-13,1126357,1089065,44744,134539
2020-08-14,1203782,1162481,46471,153523
2020-08-15,872603,849368,22151,81333
2020-08-16,418607,409078,10028,30035
2020-08-17,520194,506114,14105,47636
2020-08-18,1173867,1135372,39795,150650
2020-08-19,1141500,1103085,44039,142750
2020-08-20,1136034,1097697,45135,141301
2020-08-21,1229132,1189003,47224,147562
2020-08-22,850888,827939,22544,81326
2020-08-23,424949,414926,10241,32137
2020-08-24,1178914,1138171,46143,149006
2020-08-25,1111567,1073695,45819,136196
2020-08-26,1086891,1048455,45751,139556
2020-08-27,1190455,1148310,49463,152451
2020-08-28,1238782,1199849,47277,147566
2020-08-29,794093,773351,22389,75277
2020-08-30,442215,432082,11064,31991
2020-08-31,1198000,1156253,50798,152451
2020-09-01,1167992,1128983,49178,141399
2020-09-02,923007,893336,43705,112424
2020-09-03,1208018,1168905,52163,141710
2020-09-04,1258413,1207182,60130,165112
2020-09-05,948827,923901,26732,84142
2020-09-06,463950,454047,11844,29689
2020-09-07,1266508,1222998,51882,161135
2020-09-08,1278369,1234347,52106,161541
2020-09-09,1264195,1221455,52016,155384
2020-09-10,1278580,1235247,52526,155687
2020-09-11,1336592,1290626,53588,170834
2020-09-12,939287,912430,27303,92456
2020-09-13,485604,474362,12593,33595
2020-09-14,1290059,1245853,53340,161016
2020-09-15,1304785,1259177,54650,168015
2020-09-16,1322489,1274975,54490,172081
2020-09-17,1327881,1280063,57992,169010
2020-09-18,1409936,1361657,57867,172557
2020-09-19,993703,964739,29137,99069
2020-09-20,512547,499813,13434,37682
2020-09-21,1310242,1263276,54682,168541
2020-09-22,1325472,1277802,55992,171513
2020-09-23,1343602,1293545,57219,178109
2020-09-24,1340187,1290691,57388,178112
2020-09-25,1320365,1273976,58219,169411
2020-09-26,777863,757404,24689,69128
2020-09-27,464338,452916,12618,37150
2020-09-28,1321272,1273146,55228,177204
2020-09-29,1373810,1323751,59757,177561
2020-09-30,1387058,1336699,59602,181532
2020-10-01,1379201,1328019,61401,183084
2020-10-02,1167292,1095345,66649,193443
2020-10-03,1018470,987180,32289,101254
2020-10-04,503907,491745,13529,37764
2020-10-05,1392333,1339833,61598,189478
2020-10-06,1446670,1391895,62763,198513
2020-10-07,1479478,1421780,66174,207020
2020-10-08,1496165,1438119,65240,210433
2020-10-09,1566472,1511163,67544,203124
2020-10-10,1146603,1112630,35825,117857
2020-10-11,558495,545320,15164,38102
2020-10-12,723225,702297,21603,66403
2020-10-13,1545421,1485325,68392,221827
2020-10-14,1550770,1489875,69885,219534
2020-10-15,1545104,1486171,67581,213347
2020-10-16,1660266,1597303,72962,229832
2020-10-17,1179846,1143754,38198,126475
2020-10-18,660777,645119,18418,47408
2020-10-19,1383114,1328732,64198,200463
2020-10-20,1309770,1262685,62136,175096
2020-10-21,1526855,1469233,70005,210409
2020-10-22,1292412,1244295,62339,177909
2020-10-23,1627958,1566586,76284,229548
2020-10-24,1160881,1126224,38703,120717
2020-10-25,485828,473612,14301,39587
2020-10-26,1560686,1498871,70709,225156
2020-10-27,1578478,1515881,73451,222973
2020-10-28,1527255,1465968,72305,221337
2020-10-29,1589591,1523228,79528,236235
2020-10-30,1679351,1611779,82038,240966
2020-10-31,1228792,1188963,42128,131463
2020-11-01,669613,652376,19605,49907
2020-11-02,1606872,1539745,74049,253694
2020-11-03,1628039,1556605,76885,268659
2020-11-04,1655693,1582443,79137,275819
2020-11-05,1723640,1650010,81868,276346
2020-11-06,1769592,1693465,84025,293793
2020-11-07,1312867,1267353,47741,157699
2020-11-08,719863,699810,22790,60350
2020-11-09,1685833,1610696,81733,292105
2020-11-10,1744406,1667538,84879,290744
2020-11-11,1766830,1686977,84219,302894
2020-11-12,1767770,1687490,86047,302808
2020-11-13,1874922,1793704,88014,316785
2020-11-14,1320433,1275069,47858,165225
2020-11-15,751804,730414,23315,66493
2020-11-16,1778424,1699073,84296,306623
2020-11-17,1799473,1716099,92144,313280
2020-11-18,1802522,1720934,87507,311333
2020-11-19,1841888,1756979,97256,317124
2020-11-20,1952108,1866511,96228,324940
2020-11-21,1434303,1383429,52618,178070
2020-11-22,796016,771020,25286,75343
2020-11-23,881470,851699,28690,100759
2020-11-24,1830160,1746169,92900,321784
2020-11-25,1712605,1637289,89460,282849
2020-11-26,1858015,1774529,96406,311986
2020-11-27,1970946,1882186,97804,338530
2020-11-28,1276111,1231346,48137,164680
2020-11-29,782876,759283,24753,69835
2020-11-30,1898629,1814605,87950,332516
2020-12-01,1930469,1841728,98360,335197
2020-12-02,1896880,1809124,99821,329509
2020-12-03,1974350,1879496,112710,343724
2020-12-04,2183561,2084645,118029,372258
2020-12-05,1649552,1587682,68275,214802
2020-12-06,908154,876363,32698,90733
2020-12-07,1099513,1056014,42361,144885
2020-12-08,986262,947657,35943,126997
2020-12-09,2095048,1993692,120632,372949
2020-12-10,2062038,1960177,126129,358114
2020-12-11,2135498,2036952,120500,364030
2020-12-12,1625378,1563513,68628,216392
2020-12-13,823428,797430,29319,77286
2020-12-14,2107217,2007780,114465,366497
2020-12-15,2104071,2006354,113578,357511
2020-12-16,2176675,2075200,121442,367906
2020-12-17,2166622,2065836,122889,362414
2020-12-18,2303689,2199558,132514,384289
2020-12-19,1747661,1681751,78866,231152
2020-12-20,1028577,994112,37786,102134
2020-12-21,2317521,2207901,135265,402948
2020-12-22,2265375,2209124,120009,155614
2020-12-23,2376265,2267274,134575,402019
2020-12-24,1471333,1412027,61881,203024
2020-12-25,455865,438204,16906,45608
2020-12-26,1283424,1235376,54315,161452
2020-12-27,830454,802848,30140,81639
2020-12-28,1986911,1892216,115113,343919
2020-12-29,2007398,1908979,127776,343119
2020-12-30,2039353,1947896,113431,336003
2020-12-31,1364596,1312297,55612,175855
2021-01-01,446948,430570,16309,39184
2021-01-02,1146120,1102302,48221,150129
2021-01-03,768876,741912,28609,81209
2021-01-04,1865176,1776224,103804,327549
2021-01-05,1906168,1816711,105293,326448
2021-01-06,1935667,1844906,106395,330459
2021-01-07,1942574,1852219,107921,329156
2021-01-08,1963632,1867991,108995,349715
2021-01-09,1448588,1393577,60466,189944
2021-01-10,819969,792973,29527,80366
2021-01-11,1525931,1457210,88265,257960
2021-01-12,1999057,1904910,109495,355111
2021-01-13,1977664,1883634,108080,349730
2021-01-14,1974803,1881280,107469,344387
2021-01-15,1917158,1829057,105089,338036
2021-01-16,1392899,1340946,57578,179230
2021-01-17,866217,835267,31937,90166
2021-01-18,1955775,1863158,105606,347023
2021-01-19,1940386,1848124,107376,341304
2021-01-20,1946414,1859398,107976,326099
2021-01-21,1943287,1853131,106952,330095
2021-01-22,2035920,1944641,110712,343737
2021-01-23,1447209,1392717,61034,188590
2021-01-24,815814,787623,30072,86778
2021-01-25,1836308,1753709,96619,325709
2021-01-26,1849332,1762262,102947,324906
2021-01-27,1942516,1850465,108782,341285
2021-01-28,1896477,1807271,111758,329346
2021-01-29,1960889,1873920,110732,332583
2021-01-30,1231773,1186573,53872,156285
2021-01-31,777143,751771,28783,73846
2021-02-01,1805369,1721907,104095,313303
2021-02-02,1978221,1883193,114376,347321
2021-02-03,2014227,1927712,100165,352250
2021-02-04,2079873,1979900,119409,361385
2021-02-05,2225175,2126031,118151,379433
2021-02-06,1623033,1560689,69546,219005
2021-02-07,927655,894640,35324,100372
2021-02-08,2016190,1918885,114948,360292
2021-02-09,2079727,1977501,121445,370959
2021-02-10,2073606,1974618,124821,359711
2021-02-11,2084686,1983135,126729,362380
2021-02-12,2219427,2116596,128274,383913
2021-02-13,1537321,1476014,69775,212600
2021-02-14,925403,892055,38403,95997
2021-02-15,1059321,1015874,43615,141143
2021-02-16,1047440,1005684,41838,136550
2021-02-17,2249204,2139144,130657,396863
2021-02-18,2235860,2127484,136674,385651
2021-02-19,2323246,2214952,135214,388482
2021-02-20,1652843,1587372,75616,209865
2021-02-21,941645,906298,39522,94741
2021-02-22,1924217,1834500,117549,311723
2021-02-23,2273928,2162983,136470,390443
2021-02-24,2293508,2181082,136529,395086
2021-02-25,2276220,2164267,141828,388874
2021-02-26,2312559,2195752,141985,398736
2021-02-27,1692878,1623327,79238,226199
2021-02-28,972892,937234,39293,100750
2021-03-01,2298154,2189522,132720,385152
2021-03-02,2336046,2223977,138530,380860
2021-03-03,2384725,2267949,144779,403014
2021-03-04,2392609,2289246,117119,402254
2021-03-05,2577983,2456695,152573,435379
2021-03-06,1833513,1759101,84730,247446
2021-03-07,1053351,1013019,43668,116901
2021-03-08,2462535,2341487,159874,412661
2021-03-09,2523609,2398289,155526,423173
2021-03-10,2566393,2439205,159164,427801
2021-03-11,2549441,2423097,159008,422535
2021-03-12,2643504,2515451,163775,444089
2021-03-13,1825584,1749728,87266,253359
2021-03-14,1032367,992392,45114,109631
2021-03-15,2530286,2404738,154583,427951
2021-03-16,2412987,2294102,153914,399402
2021-03-17,2456052,2332390,162339,417315
2021-03-18,2622095,2488102,180635,441402
2021-03-19,2711858,2581361,169312,447868
2021-03-20,1464373,1407535,74094,180108
2021-03-21,1066220,1024672,48116,109867
2021-03-22,2599935,2468687,162130,444360
2021-03-23,2664979,2530784,170010,451656
2021-03-24,1320067,1261169,68137,179101
2021-03-25,1935197,1838151,142238,318373
2021-03-26,2597848,2473168,168183,425027
2021-03-27,1698665,1627818,84475,226485
2021-03-28,1009274,970608,44168,104248
2021-03-29,2564123,2437863,163031,430273
2021-03-30,2584702,2453714,163225,440267
2021-03-31,2640665,2507300,171796,453256
2021-04-01,1897042,1810327,93790,320906
2021-04-02,1096397,1047968,50609,137428
2021-04-03,1640059,1590370,36877,215376
2021-04-04,994485,960942,40102,96122
2021-04-05,2519303,2408107,152954,381004
2021-04-06,2527231,2405029,155103,419890
2021-04-07,2508669,2388379,151225,412532
2021-04-08,2446996,2328514,159902,402601
2021-04-09,2111843,2017057,128940,338197
2021-04-10,1314979,1268144,57150,164728
2021-04-11,769265,742697,32314,77821
2021-04-12,2280119,2177718,129744,358310
2021-04-13,2265916,2163294,131643,355181
2021-04-14,2224924,2125379,129922,351601
2021-04-15,2203367,2103843,130540,342207
2021-04-16,2195965,2096015,127509,349409
2021-04-17,1349725,1297199,56846,174856
2021-04-18,688259,664476,25578,68225
2021-04-19,1898189,1806890,112633,326777
2021-04-20,1960289,1866094,118767,328854
2021-04-21,1977571,1881494,119563,333901
2021-04-22,1963964,1870196,120143,323591
2021-04-23,2021897,1927208,122288,334102
2021-04-24,1313202,1263345,56485,165426
2021-04-25,733576,708265,26984,73015
2021-04-26,1939968,1845448,116907,327393
2021-04-27,1984001,1886649,122538,337931
2021-04-28,2003146,1904835,122121,340129
2021-04-29,2001124,1903041,122164,336148
2021-04-30,2086486,1986421,125153,353641
2021-05-01,905707,871003,31417,108048
2021-05-02,729591,704084,24717,75303
2021-05-03,1844099,1759279,104433,313449
2021-05-04,1956250,1866134,110115,323159
2021-05-05,2073287,1979295,112858,339838
2021-05-06,2040554,1947231,114347,334377
2021-05-07,2102176,2008962,116692,344379
2021-05-08,1510459,1451575,60517,199818
2021-05-09,771875,745027,26424,80376
2021-05-10,2065530,1971622,115701,340724
2021-05-11,2059559,1966091,116835,330532
2021-05-12,2092142,1994974,119159,343065
2021-05-13,2082039,1985162,119713,345633
2021-05-14,2173129,2082130,122491,330468
2021-05-15,1515592,1458217,61476,194194
2021-05-16,786006,758788,28053,78829
2021-05-17,2048597,1953790,116084,341003
2021-05-18,2063193,1968593,115645,343524
2021-05-19,2080388,1983592,117762,347839
2021-05-20,2078254,1981973,121499,343535
2021-05-21,1971594,1884602,122484,326669
2021-05-22,779209,754660,27558,96705
2021-05-23,437161,424356,13359,44471
2021-05-24,726004,699881,24101,94653
2021-05-25,593986,572147,19955,74424
2021-05-26,1506321,1438043,78433,258100
2021-05-27,1521345,1452406,78834,254947
2021-05-28,1611741,1539584,82871,271222
2021-05-29,1076262,1038133,37388,138253
2021-05-30,575322,556249,18056,60015
2021-05-31,1921665,1834142,107941,318600
2021-06-01,1942633,1852424,112817,328363
2021-06-02,2023607,1927801,117896,342534
2021-06-03,2041262,1944103,121739,343384
2021-06-04,2143072,2046738,123508,357932
2021-06-05,1238541,1195028,44378,155113
2021-06-06,679267,656353,24525,70580
2021-06-07,2095582,1998318,121130,354976
2021-06-08,2104732,2006174,123124,353371
2021-06-09,2064564,1968676,123008,347172
2021-06-10,2134583,2035490,127417,352981
2021-06-11,2235793,2132739,136250,381644
2021-06-12,1471640,1414994,58666,197390
2021-06-13,811017,782001,29303,82478
2021-06-14,2153280,2052967,127891,364285
2021-06-15,2187158,2084554,131354,363838
2021-06-16,2281796,2178433,130778,364626
2021-06-17,2307015,2203262,135405,363218
2021-06-18,2435212,2324513,156602,394598
2021-06-19,1677813,1616478,71459,205901
2021-06-20,859032,828590,32648,84845
2021-06-21,914810,880537,37664,108283
2021-06-22,2395851,2287631,137628,380885
2021-06-23,2321282,2216069,136750,368963
2021-06-24,2257821,2154982,138148,354413
2021-06-25,2498955,2386906,147392,398220
2021-06-26,1592490,1526488,74442,227137
2021-06-27,767277,740586,32237,73598
2021-06-28,2217201,2114888,135378,356585
2021-06-29,2262025,2158718,135790,359617
2021-06-30,2320621,2215082,138882,363236
2021-07-01,2374807,2265773,145154,373541
2021-07-02,2509298,2397001,153489,398886
2021-07-03,1785491,1712792,82661,242526
2021-07-04,1001034,963839,40815,102669
2021-07-05,2502793,2390221,147657,395679
2021-07-06,2501561,2386714,152503,392635
2021-07-07,2361643,2255210,148374,369159
2021-07-08,2691003,2576135,173282,394815
2021-07-09,1369110,1308834,66246,184441
2021-07-10,1739733,1665368,85208,239961
2021-07-11,1001823,962294,42953,110080
2021-07-12,2282956,2175840,149132,355900
2021-07-13,2506515,2388267,159826,394705
2021-07-14,2486747,2369036,161725,391219
2021-07-15,2583915,2473006,171124,350720
2021-07-16,2700233,2574006,179240,420974
2021-07-17,1823179,1742414,99647,256053
2021-07-18,946803,906647,49764,100764
2021-07-19,2311270,2196479,154977,394364
2021-07-20,2462990,2340191,170262,406680
2021-07-21,2395552,2274736,163348,402315
2021-07-22,2414833,2295135,166297,402334
2021-07-23,2524719,2400652,174434,425729
2021-07-24,1776242,1699158,98443,244361
2021-07-25,928841,890671,49251,98081
2021-07-26,2340185,2221045,160881,405275
2021-07-27,2320395,2200718,163457,400659
2021-07-28,2309211,2190593,168254,390860
2021-07-29,2340182,2219752,167747,395167
2021-07-30,2485030,2361168,175676,420409
2021-07-31,1868161,1788381,106787,235022
2021-08-01,1108671,1064183,59230,101803
2021-08-02,2604437,2474047,174196,426812
2021-08-03,2669130,2536159,179736,426506
2021-08-04,2720146,2583753,185511,433014
2021-08-05,2743802,2604268,200968,443474
2021-08-06,2893313,2751045,198829,480981
2021-08-07,2078492,1977466,137083,311901
2021-08-08,821429,787498,44213,88369
2021-08-09,2342401,2219109,174849,384634
2021-08-10,2794020,2653138,197161,445162
2021-08-11,2852183,2707376,202278,456248
2021-08-12,2863108,2715306,204858,463821
2021-08-13,2961278,2809841,213149,490715
2021-08-14,2079968,1984866,124050,289683
2021-08-15,1213136,1159560,71863,129286
2021-08-16,1237852,1177868,70525,158877
2021-08-17,2892212,2740623,208159,471968
2021-08-18,2948116,2789870,233432,490204
2021-08-19,2739930,2593415,209337,438740
2021-08-20,3042765,2885002,223827,496658
2021-08-21,1991740,1898623,120183,282645
2021-08-22,1195257,1139784,67608,133884
2021-08-23,2845435,2694074,208250,462942
2021-08-24,2895759,2738944,217131,472578
2021-08-25,2929298,2772632,217045,478965
2021-08-26,2927735,2768420,220952,481003
2021-08-27,3006381,2845584,234405,501352
2021-08-28,2022402,1924391,125893,295341
2021-08-29,1207640,1151414,68810,138212
2021-08-30,2899362,2745014,212817,477802
2021-08-31,2955989,2795235,221962,483445
2021-09-01,2648067,2502873,217848,427700
2021-09-02,2703378,2551013,222979,438777
2021-09-03,3113741,2946012,246492,522061
2021-09-04,2022947,1923982,130307,294279
2021-09-05,1183016,1127450,71375,133304
2021-09-06,3077378,2910085,232645,508594
2021-09-07,2636888,2492861,221971,409226
2021-09-08,2365986,2226685,216660,390191
2021-09-09,2920216,2758727,245232,467964
2021-09-10,3137820,2964997,260434,520845
2021-09-11,2092804,1985088,135510,313285
2021-09-12,325340,311166,279,17590
2021-09-13,2965678,2798821,234512,498055
2021-09-14,3198541,3020387,250501,519199
2021-09-15,3234522,3059614,255646,508419
2021-09-16,3211951,3038162,259502,526721
2021-09-17,3320851,3135432,273867,552516
2021-09-18,2202323,2086700,149333,335921
2021-09-19,1242796,1182535,80625,139294
2021-09-20,3080523,2906699,248709,504927
2021-09-21,3018901,2836806,269642,531132
2021-09-22,3157320,2978268,259683,509683
2021-09-23,3201989,3017260,267251,524849
2021-09-24,3321078,3131997,280384,561702
2021-09-25,2183669,2070801,146869,330630
2021-09-26,1319767,1253306,85774,155026
2021-09-27,3020276,2846540,245803,512077
2021-09-28,3118951,2938140,261882,518329
2021-09-29,3251447,3060345,269171,548633
2021-09-30,2873002,2699220,262088,487569
2021-10-01,3392782,3197223,289493,575658
2021-10-02,2052528,1943077,145504,310660
2021-10-03,1273486,1207603,86137,142826
2021-10-04,3266567,3072907,269127,558675
2021-10-05,3395610,3191969,290767,578180
2021-10-06,3407560,3199105,298100,586746
2021-10-07,3207444,2995661,319955,601982
2021-10-08,1952502,1836546,143453,316861
2021-10-09,2164982,2037807,164637,353924
2021-10-10,1284920,1213935,99841,152226
2021-10-11,1253183,1182277,88025,178561
2021-10-12,3338458,3133836,292410,581335
2021-10-13,3287482,3085579,294221,562338
2021-10-14,3403818,3193473,316869,571976
2021-10-15,3554433,3341481,315842,609363
2021-10-16,2407016,2271740,174811,381776
2021-10-17,1366569,1290661,103287,167234
2021-10-18,3279051,3067714,309959,578936
2021-10-19,3404292,3195317,298746,572145
2021-10-20,3436068,3222705,307427,587334
2021-10-21,3436004,3224327,310240,582415
2021-10-22,3393307,3188117,310427,582535
2021-10-23,2215515,2090023,173477,335541
2021-10-24,1381999,1308212,97394,163818
2021-10-25,3341115,3134050,291946,581429
2021-10-26,3398207,3186061,307927,583674
2021-10-27,3369455,3164089,304129,576433
2021-10-28,3347373,3134863,317026,575518
2021-10-29,3472473,3272746,314795,574042
2021-10-30,2282037,2166837,144552,350424
2021-10-31,1295512,1230387,89666,145382
2021-11-01,3317010,3108937,300682,564622
2021-11-02,3264052,3054593,309844,562253
2021-11-03,3431845,3215206,322172,587876
2021-11-04,3511368,3285970,337550,606210
2021-11-05,3608246,3386772,338891,631151
2021-11-06,2466208,2306066,239353,407171
2021-11-07,1438749,1362079,103695,171283
2021-11-08,3443056,3221945,317154,613841
2021-11-09,3542540,3316513,327114,619227
2021-11-10,3603588,3374396,335651,630911
2021-11-11,3594980,3366510,341669,615916
2021-11-12,3651355,3427524,340139,644585
2021-11-13,2305944,2170521,178100,383203
2021-11-14,275305,261730,141,16687
2021-11-15,3393317,3179227,313036,611303
2021-11-16,3389377,3173606,318363,589240
2021-11-17,3603059,3366243,362093,633242
2021-11-18,3600206,3372840,348574,617438
2021-11-19,3638390,3410738,346136,650474
2021-11-20,2165995,2026169,189633,354604
2021-11-21,1343324,1269337,104218,165475
2021-11-22,1328675,1252170,99342,190830
2021-11-23,3530834,3296114,363670,644467
2021-11-24,3526658,3297802,341655,622039
2021-11-25,3222792,3007181,343658,570366
2021-11-26,3626645,3397048,353412,648045
2021-11-27,2311521,2175404,186463,373351
2021-11-28,918870,871544,70892,103653
2021-11-29,3351227,3133975,320101,611147
2021-11-30,3505819,3278396,337104,630517
2021-12-01,3518428,3285222,347977,640815
2021-12-02,3505253,3265378,366887,641601
2021-12-03,3588385,3354233,360945,658302
2021-12-04,2426105,2272213,235557,400575
2021-12-05,1315281,1238443,107096,155927
2021-12-06,3455694,3219478,353028,654207
2021-12-07,3609749,3358129,394944,692440
2021-12-08,1771810,1665175,140925,264630
2021-12-09,3520089,3272338,386583,673632
2021-12-10,2877388,2603646,399482,435984
2021-12-11,2445020,2306986,228419,348068
2021-12-12,1317753,1251743,100681,114597
2021-12-13,3388566,3152308,358347,644883
2021-12-14,3409122,3169922,362964,641997
2021-12-15,3442572,3204719,372564,633922
2021-12-16,3475043,3244152,377961,599097
2021-12-17,3556143,3316766,385809,656780
2021-12-18,2580685,2423120,236920,422703
2021-12-19,1527448,1440483,129005,176697
2021-12-20,3326265,3081919,406706,683329
2021-12-21,3368926,3129077,377931,659869
2021-12-22,3393735,3161484,372186,646002
2021-12-23,3257761,3041656,340131,615424
2021-12-24,1929621,1819351,144439,306605
2021-12-25,681257,643175,48631,72901
2021-12-26,1086312,1027551,84295,124266
2021-12-27,2698798,2515119,274014,539471
2021-12-28,2732600,2552150,275212,521754
2021-12-29,2706143,2536911,262208,519144
2021-12-30,2654198,2491268,250374,498958
2021-12-31,1610410,1522696,113829,250346
2022-01-01,553019,522889,38801,58537
2022-01-02,994497,942574,74607,106866
2022-01-03,2309318,2160485,221727,446357
2022-01-04,2370532,2218573,224616,455950
2022-01-05,2484251,2329711,235145,459578
2022-01-06,2395931,2245517,226395,428306
2022-01-07,2417068,2270648,223874,437205
2022-01-08,1718628,1626893,130171,247946
2022-01-09,1004661,952704,72929,106921
2022-01-10,2248578,2113187,212181,382910
2022-01-11,2118122,2001694,195432,338196
2022-01-12,2233868,2098615,210150,374519
2022-01-13,2166009,2040581,204951,348202
2022-01-14,2125948,2009053,196317,337281
2022-01-15,1462361,1386659,112093,187011
2022-01-16,889388,845570,66025,76546
2022-01-17,2261403,2122092,216389,385542
2022-01-18,2215535,2076670,220233,388057
2022-01-19,2308608,2167976,228972,387374
2022-01-20,2315563,2177179,225751,374672
2022-01-21,2389700,2248595,231507,407402
2022-01-22,1591020,1501404,129899,221258
2022-01-23,1025147,973066,77819,98771
2022-01-24,2435772,2281862,237464,432757
2022-01-25,2328231,2176286,233578,431662
2022-01-26,2415839,2260028,243888,446315
2022-01-27,2572079,2404682,261051,470429
2022-01-28,2641037,2487011,241483,490760
2022-01-29,1925953,1811860,159658,303188
2022-01-30,1179299,1113055,92842,138938
2022-01-31,2561482,2389245,255883,486553
2022-02-01,2674360,2485394,287339,516602
2022-02-02,2677679,2493840,282464,510480
2022-02-03,2459696,2290348,272769,446533
2022-02-04,2861068,2675067,294881,536439
2022-02-05,1983578,1867127,169009,301384
2022-02-06,1234676,1161922,100627,149915
2022-02-07,2817703,2622334,296678,539180
2022-02-08,2890340,2679198,342557,581267
2022-02-09,2900559,2695787,310952,568399
2022-02-10,2910535,2704192,318125,559753
2022-02-11,2851940,2657225,308291,549679
2022-02-12,2097802,1971029,183390,326518
2022-02-13,1319797,1241482,109715,155811
2022-02-14,3004228,2792317,317198,584524
2022-02-15,2974144,2755992,340765,590614
2022-02-16,2941869,2742422,322572,479018
2022-02-17,3003123,2790013,331928,565110
2022-02-18,3095052,2880509,334942,595886
2022-02-19,2157024,2026977,186145,340945
2022-02-20,1059865,1001087,87447,119234
2022-02-21,3041514,2824765,323734,589012
2022-02-22,3080984,2859775,332657,587194
2022-02-23,3111980,2888638,342456,591517
2022-02-24,2761398,2561243,322869,512747
2022-02-25,3246465,3021025,353127,623319
2022-02-26,2036898,1912527,177220,320780
2022-02-27,1011182,950261,91095,109583
2022-02-28,1544302,1444271,133870,232312
2022-03-01,1557569,1457791,130380,237570
2022-03-02,3446277,3214546,344290,603647
2022-03-03,3494667,3254245,366979,609144
2022-03-04,3514186,3285846,364272,616865
2022-03-05,2179442,2049791,188822,338140
2022-03-06,1367333,1284813,117501,162184
2022-03-07,3435784,3204675,350903,591638
2022-03-08,3524010,3277098,433998,543399
2022-03-09,3119949,2897064,358191,546141
2022-03-10,3754886,3488975,430246,671498
2022-03-11,3770952,3522830,394713,666319
2022-03-12,2421401,2268369,220117,406655
2022-03-13,1460522,1369988,127427,182973
2022-03-14,3705220,3448037,397017,660070
2022-03-15,3735742,3456773,440855,678806
2022-03-16,3808333,3523117,463740,692245
2022-03-17,3787373,3506526,450774,678945
2022-03-18,3504010,3246651,421887,652693
2022-03-19,2464689,2302147,229756,428941
2022-03-20,1436220,1343919,127797,189328
2022-03-21,3745354,3479509,422604,680270
2022-03-22,3805790,3524475,445258,685935
2022-03-23,3913358,3627447,460119,707640
2022-03-24,1531626,1387930,228911,258882
2022-03-25,3580450,3325684,428442,659796
2022-03-26,2354317,2197253,225618,407064
2022-03-27,1455395,1364054,130339,179117
2022-03-28,3872621,3593437,438293,709710
2022-03-29,3633772,3440805,399417,337520
2022-03-30,3905752,3613260,483385,727189
2022-03-31,3918351,3608683,513033,737150
2022-04-01,3970356,3684201,485441,735200
2022-04-02,2145689,1993329,215650,343350
2022-04-03,1383722,1297500,122284,175796
2022-04-04,3926200,3637911,458049,722393
2022-04-05,4050025,3750720,477807,740879
2022-04-06,4060818,3756946,486527,749976
2022-04-07,3996360,3691014,493431,747758
2022-04-08,4098843,3800893,503220,767220
2022-04-09,2619675,2441378,264438,462772
2022-04-10,1517991,1420472,140659,185637
2022-04-11,3849017,3561800,461565,708433
2022-04-12,4065558,3760079,495443,752184
2022-04-13,4109534,3798388,519439,785000
2022-04-14,2521214,2344593,248021,503094
2022-04-15,1531216,1417028,155025,239725
2022-04-16,2204967,2053675,209514,388230
2022-04-17,1376447,1290244,121160,177320
2022-04-18,3899248,3613416,448673,717193
2022-04-19,4028249,3726068,482194,741348
2022-04-20,4027993,3731392,474643,728666
2022-04-21,4012471,3710262,483266,733689
2022-04-22,3859955,3581450,459338,714821
2022-04-23,2564202,2385409,254754,456603
2022-04-24,1495056,1401882,132339,181979
2022-04-25,3605122,3332993,438692,650540
2022-04-26,3879850,3590234,462656,704178
2022-04-27,3854701,3576012,479311,642016
2022-04-28,4007461,3715306,477877,733930
2022-04-29,4069175,3776862,481066,756598
2022-04-30,2496900,2326355,248732,442198
2022-05-01,1287767,1196339,135391,176034
2022-05-02,3915822,3624350,463105,722917
2022-05-03,3965058,3665636,478583,730153
2022-05-04,4037095,3736892,482569,739211
2022-05-05,4087221,3785786,489522,763076
2022-05-06,4141435,3848731,487689,775052
2022-05-07,2702191,2521145,274500,479503
2022-05-08,1601768,1503766,145292,192299
2022-05-09,4021700,3727349,469280,744021
2022-05-10,4051542,3753166,484754,739026
2022-05-11,4082336,3778182,495010,752485
2022-05-12,3969466,3659035,532797,762524
2022-05-13,4084427,3789101,490432,775499
2022-05-14,2603687,2437811,223288,465043
2022-05-15,1495352,1397043,145382,193248
2022-05-16,3815999,3532928,465008,709324
2022-05-17,3823649,3533568,484722,714423
2022-05-18,713501,666999,59514,89947
2022-05-19,4087728,3785458,500187,758408
2022-05-20,4101140,3812130,485641,770521
2022-05-21,2589147,2411260,253451,475426
2022-05-22,1474095,1382102,132148,184452
2022-05-23,4019248,3726975,463603,745745
2022-05-24,4012462,3714703,499140,758184
2022-05-25,1161948,1074485,131580,162112
2022-05-26,3995415,3695207,511857,754319
2022-05-27,4032988,3745470,482411,758019
2022-05-28,2438418,2281180,238353,413145
2022-05-29,1379935,1291948,133002,163574
2022-05-30,3841190,3549173,469612,712789
2022-05-31,3870950,3587936,474327,718815
2022-06-01,3863440,3572997,480230,706199
2022-06-02,3952309,3659684,493247,710464
2022-06-03,3991100,3727795,532459,508199
2022-06-04,2567265,2396794,253590,448918
2022-06-05,1401190,1329079,119879,100562
2022-06-06,3955446,3662026,475341,737491
2022-06-07,3988939,3690390,494148,735280
2022-06-08,4042278,3735210,510202,746970
2022-06-09,4002646,3690314,538489,765602
2022-06-10,4011464,3723518,496749,753969
2022-06-11,2542543,2370555,261223,429559
2022-06-12,1475749,1383244,137990,179148
2022-06-13,3991609,3697050,486152,740195
2022-06-14,4060731,3757836,500701,750945
2022-06-15,4114363,3810765,507099,742886
2022-06-16,4180026,3857719,577508,783235
2022-06-17,1977513,1831483,210973,319617
2022-06-18,2430630,2267247,238639,409818
2022-06-19,1405163,1319285,133627,167713
2022-06-20,1392887,1295638,139934,206728
2022-06-21,4014450,3710910,491212,746008
2022-06-22,3922796,3626582,486961,718858
2022-06-23,3931637,3629925,499621,726420
2022-06-24,3982636,3692923,494005,751641
2022-06-25,2502195,2338680,254483,407117
2022-06-26,1359141,1274328,129359,168641
2022-06-27,3603520,3333360,440635,681636
2022-06-28,3914671,3616391,484256,724550
2022-06-29,4019184,3717391,491866,733160
2022-06-30,4032998,3730077,497330,736787
2022-07-01,3921087,3634369,491003,732615
2022-07-02,2565665,2395918,265562,427605
2022-07-03,1472900,1380233,137958,172817
2022-07-04,3845058,3558605,461979,708455
2022-07-05,4022868,3725698,482018,728700
2022-07-06,3925678,3632177,486243,717945
2022-07-07,4031125,3730323,505396,737251
2022-07-08,4031290,3740380,494402,749210
2022-07-09,2083331,1919438,247716,328300
2022-07-10,1396320,1304758,137205,169447
2022-07-11,3776143,3492512,464382,689956
2022-07-12,3979616,3681769,489499,721706
2022-07-13,4020545,3719070,496331,729999
2022-07-14,3981926,3670801,540650,748055
2022-07-15,3896018,3610900,484863,720939
2022-07-16,2347548,2186312,255116,398801
2022-07-17,1512516,1409967,162893,179999
2022-07-18,3245549,2983022,432479,659341
2022-07-19,3275286,2991756,456679,684469
2022-07-20,3460579,3171630,470738,709133
2022-07-21,3275035,2996547,459219,687323
2022-07-22,3365316,3093125,454140,705534
2022-07-23,2301287,2142103,248958,401084
2022-07-24,1340367,1251540,139016,159913
2022-07-25,2712331,2488210,377483,553215
2022-07-26,3165826,2901920,434239,642083
2022-07-27,2958610,2712847,412428,594813
2022-07-28,3248162,2969903,488596,685188
2022-07-29,3401658,3134868,450640,710573
2022-07-30,2529480,2352787,272441,439525
2022-07-31,1571689,1471225,160519,186218
2022-09-01,3806893,3493002,515070,725220
2022-09-02,2372971,2151706,337203,394093
2022-09-03,2603216,2414604,268644,460512
2022-09-04,1566368,1459935,156578,187486
2022-09-05,4071257,3749415,509190,766447
2022-09-06,4152482,3820236,534484,780208
2022-09-07,4153429,3822892,539042,775662
2022-09-08,4029133,3702058,547142,768189
2022-09-09,4053782,3743108,525741,768822
2022-09-10,2647439,2458046,278679,467560
2022-09-11,1509061,1408968,149890,186600
2022-09-12,4008247,3691390,507928,757890
2022-09-13,4032136,3701929,533069,775617
2022-09-14,4138421,3811953,538509,757964
2022-09-15,4149192,3816039,545452,776547
2022-09-16,4164176,3847035,526242,797419
2022-09-17,2639820,2448963,275709,478402
2022-09-18,1510666,1407826,149951,194770
2022-09-19,3978068,3666275,499109,744498
2022-09-20,4093433,3792264,504193,759291
2022-09-21,3660029,3361192,470059,717914
2022-09-22,4006698,3687984,532658,753594
2022-09-23,4107179,3796898,515339,785714
2022-09-24,2626315,2442802,264383,455471
2022-09-25,1538215,1442470,141127,178384
2022-09-26,3835669,3537695,469582,721787
2022-09-27,3865152,3545678,521367,756907
2022-09-28,4071623,3741258,547257,779783
2022-09-29,4031881,3707820,542920,770455
2022-09-30,4057726,3741715,524621,786209
2022-10-01,2610013,2423139,272445,466538
2022-10-02,1579187,1475241,160235,187903
2022-10-03,4025855,3708927,508319,763296
2022-10-04,4071191,3750339,520837,764248
2022-10-05,4154757,3835606,521440,779980
2022-10-06,4155837,3823916,553331,807622
2022-10-07,2212634,2057580,222537,366918
2022-10-08,2192305,2048669,200826,367122
2022-10-09,1568013,1465897,151307,208605
2022-10-10,1560577,1450717,148234,238807
2022-10-11,4120526,3803266,512020,773722
2022-10-12,4142025,3826125,522061,774812
2022-10-13,4127371,3808872,528563,762487
2022-10-14,4198206,3885722,523745,794827
2022-10-15,2486464,2319218,245202,435699
2022-10-16,1520572,1426430,141553,185408
2022-10-17,3937832,3627255,512311,741951
2022-10-18,4067676,3749792,521218,751263
2022-10-19,4078172,3758450,524726,762320
2022-10-20,4006146,3690241,520297,748247
2022-10-21,4131025,3824214,515152,783112
2022-10-22,2437112,2280691,218801,425552
2022-10-23,1541511,1441642,152864,196765
2022-10-24,4036450,3729511,495583,749654
2022-10-25,4109180,3788121,530740,763698
2022-10-26,3776709,3471702,510366,705672
2022-10-27,4081492,3754591,550533,777675
2022-10-28,4161671,3856234,536238,766215
2022-10-29,2598960,2421578,274653,454664
2022-10-30,1267351,1185834,128656,155591
2022-10-31,3973327,3663786,499170,751817
2022-11-01,4135773,3812117,534409,768400
2022-11-02,4177082,3850317,539076,779442
2022-11-03,4165809,3836574,549115,779785
2022-11-04,4255888,3945202,537014,804219
2022-11-05,2809286,2590702,353651,510639
2022-11-06,1633714,1533146,156319,195082
2022-11-07,4081746,3767573,514931,766517
2022-11-08,3856405,3673212,434362,193829
2022-11-09,4220922,3895513,536845,790200
2022-11-10,4163835,3830062,578424,793590
2022-11-11,4177275,3874008,521085,787767
2022-11-12,2660770,2478737,275525,471156
2022-11-13,1403962,1320929,135092,154579
2022-11-14,3806326,3519332,482699,697807
2022-11-15,4197595,3879180,533630,776114
2022-11-16,4111212,3808837,509733,745227
2022-11-17,4008866,3705254,535908,747321
2022-11-18,4143892,3857662,520649,748658
2022-11-19,2618929,2455111,261098,452334
2022-11-20,1368669,1291696,129969,143036
2022-11-21,1414559,1332455,133992,175829
2022-11-22,3738425,3447737,490467,695791
2022-11-23,4121110,3820693,500488,754538
2022-11-24,4049836,3741773,524654,743862
2022-11-25,4068004,3769566,516363,778422
2022-11-26,2358688,2208393,233323,373969
2022-11-27,1471556,1384302,136171,168914
2022-11-28,3880486,3591464,477326,717330
2022-11-29,3923853,3649803,465790,725604
2022-11-30,3511125,3245050,437479,639058
2022-12-01,3827793,3537747,495877,705056
2022-12-02,4067026,3766132,535802,789041
2022-12-03,2450426,2282326,258676,406752
2022-12-04,1520791,1433742,141325,169983
2022-12-05,3797773,3530134,448227,693386
2022-12-06,3782214,3488367,515610,727584
2022-12-07,3928904,3635371,527296,749977
2022-12-08,1941525,1833712,187269,226880
2022-12-09,1569945,1475064,157127,185228
2022-12-10,2337548,2196217,226351,366475
2022-12-11,1384188,1310880,125298,140717
2022-12-12,3803016,3528725,481440,685296
2022-12-13,3428018,3163280,446265,594840
2022-12-14,3819280,3531694,490780,713719
2022-12-15,3823186,3532184,505864,721921
2022-12-16,3985148,3678732,542115,771395
2022-12-17,2770271,2591833,284984,462364
2022-12-18,679895,581026,88677,92203
2022-12-19,3400269,3141916,427553,629487
2022-12-20,1835480,1698440,145911,270149
2022-12-21,3912397,3611783,521584,748872
2022-12-22,3887898,3582265,544542,769376
2022-12-23,3442491,3202455,400712,676927
2022-12-24,1899674,1787234,151850,268232
2022-12-25,779321,728818,67342,83746
2022-12-26,3074452,2833182,381116,633973
2022-12-27,3268407,3012725,415875,663279
2022-12-28,3287648,3031985,418568,669988
2022-12-29,3260125,3015211,407751,652632
2022-12-30,2931321,2735163,318846,580804
2022-12-31,1660782,1560614,132941,242554
2023-01-01,618308,577052,56250,66891
2023-01-02,2648689,2438839,323851,546365
2023-01-03,2923968,2692019,364805,594799
2023-01-04,2990557,2752451,378812,605709
2023-01-05,3086700,2848494,380715,621064
2023-01-06,3066775,2841563,365461,620050
2023-01-07,2177742,2040576,197293,371553
2023-01-08,1320635,1249471,106474,150349
2023-01-09,2920945,2694825,359221,602603
2023-01-10,2964165,2728038,374551,606884
2023-01-11,3007980,2770356,377175,614925
2023-01-12,3038668,2800248,382213,612041
2023-01-13,3100949,2875977,370960,619435
2023-01-14,2184525,2046222,201601,368413
2023-01-15,1293400,1226368,104989,133827
2023-01-16,2835721,2625184,349095,554455
2023-01-17,2898509,2683351,364048,544978
2023-01-18,3007288,2781279,374819,577261
2023-01-19,2959531,2736979,374779,572399
2023-01-20,2876276,2670369,351954,558218
2023-01-21,2146295,2020290,197777,327660
2023-01-22,1326994,1258925,118438,129421
2023-01-23,2909104,2692048,359053,566510
2023-01-24,2954034,2728651,380046,569756
2023-01-25,3014390,2784722,396402,597305
2023-01-26,2952339,2728701,377151,578507
2023-01-27,2704797,2515070,335641,518099
2023-01-28,2172158,2040041,198583,349824
2023-01-29,1336953,1265029,113132,141325
2023-01-30,3006671,2777621,371639,598897
2023-01-31,3040481,2806446,385875,604497
2023-02-01,3171632,2919435,416833,634381
2023-02-02,3005108,2766934,402050,591286
2023-02-03,3177784,2942900,403431,624619
2023-02-04,2365291,2218171,221321,385841
2023-02-05,1409812,1334699,120756,144351
2023-02-06,3133433,2890414,402001,618006
2023-02-07,3165670,2915528,422363,626670
2023-02-08,3207373,2955183,424829,628237
2023-02-09,3205776,2955047,432884,621460
2023-02-10,3211749,2978336,406660,622260
2023-02-11,2152729,2027480,200479,332173
2023-02-12,1259666,1192636,110226,121387
2023-02-13,3102628,2866316,397458,586722
2023-02-14,3406811,3222405,342268,637120
2023-02-15,3418388,3160013,441763,652013
2023-02-16,3280805,3027085,443128,619370
2023-02-17,3299393,3062665,411832,616851
2023-02-18,2303862,2169907,212454,336100
2023-02-19,1446769,1366474,126558,151993
2023-02-20,1527348,1437328,137442,195557
2023-02-21,1530770,1437574,140818,192895
2023-02-22,3447158,3187393,433087,658895
2023-02-23,3391667,3131882,436033,644970
2023-02-24,3485603,3231841,434050,665947
2023-02-25,2341361,2196064,220022,377499
2023-02-26,1434210,1352915,124301,148887
2023-02-27,3302784,3008141,456666,674935
2023-02-28,3580972,3309793,452475,669001
2023-03-01,3647765,3417180,419875,582248
2023-03-02,3673547,3416683,443774,602878
2023-03-03,3724549,3471044,438944,643913
2023-03-04,2409696,2265184,225774,371446
2023-03-05,1450161,1371419,126951,139602
2023-03-06,3838615,3571992,446140,638888
2023-03-07,3909635,3633721,469805,668364
2023-03-08,3673538,3398318,499845,630883
2023-03-09,3922193,3644069,477097,669121
2023-03-10,3874386,3616051,456418,668054
2023-03-11,2315875,2177887,218452,353524
2023-03-12,1352293,1279631,118648,130720
2023-03-13,3729013,3451882,482538,657624
2023-03-14,3690841,3413490,490880,648125
2023-03-15,3832090,3551179,499907,652859
2023-03-16,4007576,3716033,511451,680211
2023-03-17,3844914,3550361,505640,708678
2023-03-18,2571737,2414522,243707,402014
2023-03-19,1441275,1358152,125401,158121
2023-03-20,3964304,3674293,494468,681867
2023-03-21,4174766,3871460,534042,713906
2023-03-22,4216455,3919182,525235,707722
2023-03-23,4163483,3860917,530121,724649
2023-03-24,2040324,1881560,265424,286456
2023-03-25,2309759,2189582,178298,329424
2023-03-26,1513100,1436610,110853,160853
2023-03-27,4152297,3861245,503384,705527
2023-03-28,4189490,3888801,518770,704007
2023-03-29,4105269,3815643,504276,685009
2023-03-30,4161634,3859751,532136,706058
2023-03-31,4221781,3941837,505977,713784
2023-04-01,2633092,2472463,251577,389285
2023-04-02,1372879,1293778,121673,139138
2023-04-03,3374203,3028276,536446,691799
2023-04-04,4156384,3844400,535330,701025
2023-04-05,4354425,4047202,544178,756982
2023-04-06,2664132,2510447,213883,480496
2023-04-07,1667380,1573301,133605,208963
2023-04-08,2382271,2259066,174489,346025
2023-04-09,1486569,1413511,105167,152505
2023-04-10,4211713,3936181,475885,711506
2023-04-11,4260993,3959613,529093,715605
2023-04-12,3901350,3605949,505463,689747
2023-04-13,4175017,3856457,557011,732225
2023-04-14,4279666,4006503,496903,704655
2023-04-15,2679176,2518555,251559,410927
2023-04-16,1422031,1343814,122465,139894
2023-04-17,4176402,3883388,508741,696468
2023-04-18,4083034,3783503,517545,662584
2023-04-19,3934125,3637812,508861,651154
2023-04-20,4300863,3999479,543016,709148
2023-04-21,4282767,3998882,510013,713042
2023-04-22,2708799,2548446,248086,410890
2023-04-23,1548612,1464752,132200,150705
2023-04-24,4179039,3889180,503099,697206
2023-04-25,3905186,3612355,517411,664902
2023-04-26,4107422,3814495,524778,693300
2023-04-27,4294640,3991602,535503,714173
2023-04-28,4310712,4027665,519070,700886
2023-04-29,2731848,2561191,266301,421421
2023-04-30,1345012,1270554,123105,123971
2023-05-01,1252052,1165569,128099,148770
2023-05-02,4263610,3962394,525376,713437
2023-05-03,4272574,3979615,518225,706135
2023-05-04,4285185,3995564,508450,719763
2023-05-05,4281853,3994808,515533,721268
2023-05-06,2429376,2278685,241610,357813
2023-05-07,1505541,1417172,140081,141387
2023-05-08,4198465,3923131,478158,720299
2023-05-09,4304173,3993566,540880,748556
2023-05-10,4320195,4034515,506253,749182
2023-05-11,4298364,3991099,534339,750874
2023-05-12,4302553,4009733,516755,763375
2023-05-13,2781752,2608125,266440,448484
2023-05-14,1639197,1544640,146643,171395
2023-05-15,4173302,3932169,415272,726325
2023-05-16,4290769,3991563,512406,740056
2023-05-17,4111069,3807711,528407,749715
2023-05-18,4153551,3842982,565994,774229
2023-05-19,3805674,3538328,480118,662125
2023-05-20,2626911,2477720,217628,409381
2023-05-21,1328472,1260362,102217,129031
2023-05-22,4183063,3895043,498929,732624
2023-05-23,4263035,4006766,457687,739205
2023-05-24,3610507,3350058,476834,624506
2023-05-25,1482654,1369600,179760,207686
2023-05-26,1630410,1528505,162177,183696
2023-05-27,2368500,2227972,222265,339544
2023-05-28,1448096,1366215,125015,146693
2023-05-29,4131503,3855159,481739,719346
2023-05-30,4149621,3856069,504333,710187
2023-05-31,4186280,3890811,513767,722366
2023-06-01,4251531,3952493,523805,717887
2023-06-02,4269159,3984068,510935,741274
2023-06-03,2744735,2580881,276604,369163
2023-06-04,1558477,1476795,130389,122120
2023-06-05,4183987,3894136,494213,721104
2023-06-06,4218336,3925826,509839,727973
2023-06-07,4276370,3975877,520690,743095
2023-06-08,4236038,4014725,408899,742607
2023-06-09,4188213,3907501,499731,741528
2023-06-10,2617570,2455284,248809,419213
2023-06-11,1465125,1388284,125195,110556
2023-06-12,4093816,3807683,488399,716577
2023-06-13,3908351,3624326,475664,668827
2023-06-14,4223374,3924802,524694,723172
2023-06-15,4040325,3740938,521110,723398
2023-06-16,4071311,3785104,514551,747985
2023-06-17,2468406,2298944,246081,383897
2023-06-18,1425227,1344371,129918,135998
2023-06-19,1568849,1466749,162093,194353
2023-06-20,1491669,1393821,147534,201503
2023-06-21,4028517,3728530,527454,730080
2023-06-22,3801191,3510050,506617,695555
2023-06-23,4168028,3897673,497060,668444
2023-06-24,2564194,2406339,244943,398108
2023-06-25,1505179,1422222,131567,136745
2023-06-26,4141084,3848390,492237,739799
2023-06-27,3974134,3682622,485929,719548
2023-06-28,4225444,3920860,514399,737749
2023-06-29,4197393,3904703,516531,692658
2023-06-30,4257354,3962443,507743,753913
2023-07-01,2719889,2546158,264097,429380
2023-07-02,1559156,1469406,136882,154194
2023-07-03,4146380,3850832,482787,731202
2023-07-04,4117522,3810171,530543,734839
2023-07-05,4195451,3966764,404171,730951
2023-07-06,3998600,3678275,533946,735886
2023-07-07,1226126,581350,476974,484457
2023-07-08,2763134,2586468,284490,437592
2023-07-09,1454803,1364392,142283,141266
2023-07-10,4174714,3878313,498713,730642
2023-07-11,3979853,3682985,510297,696615
2023-07-12,3261320,2996848,469944,587256
2023-07-13,3969679,3674232,528987,682904
2023-07-14,4167057,3871695,518440,742877
2023-07-15,2641432,2460143,280047,429455
2023-07-16,1561311,1459400,161476,154761
2023-07-17,3390125,3114805,454098,674932
2023-07-18,3437122,3153027,473153,683362
2023-07-19,3467066,3227398,399625,691845
2023-07-20,3642581,3354350,501124,713973
2023-07-21,3587784,3322049,467822,696388
2023-07-22,2627331,2451880,274229,435237
2023-07-23,1631962,1526113,168782,174966
2023-07-24,3265837,3010466,425687,643892
2023-07-25,3414200,3139410,456088,675694
2023-07-26,3348827,3130674,367897,651989
2023-07-27,3473202,3197501,464539,691747
2023-07-28,3559293,3289688,460000,711751
2023-07-29,2603840,2431287,266438,428646
2023-07-30,1629047,1525835,159480,180947
2023-07-31,3930081,3648319,455230,700702
2023-08-01,4078990,3810375,460926,716629
2023-08-02,4130481,3837390,488242,718105
2023-08-03,4072483,3828142,424530,703797
2023-08-04,4194097,3903894,495410,746066
2023-08-05,2809606,2628073,276900,456509
2023-08-06,1575022,1484280,140648,165879
2023-08-07,4156409,3853951,501278,740542
2023-08-08,4223156,3910713,524451,753106
2023-08-09,4268993,3958600,527449,762703
2023-08-10,4229314,3932017,526433,712386
2023-08-11,4216210,3919587,529417,762825
2023-08-12,2606178,2436740,253353,424530
2023-08-13,352017,336692,2427,17153
2023-08-14,4035245,3738824,489383,742015
2023-08-15,4264825,3952329,522611,767717
2023-08-16,4167235,3868261,525568,711931
2023-08-17,3090257,2839103,454645,576038
2023-08-18,4031669,3746081,520721,730593
2023-08-19,2696999,2523023,264837,451096
2023-08-20,1589553,1498713,148461,139072
2023-08-21,1564052,1470722,141745,152904
2023-08-22,4140670,3830228,525190,756477
2023-08-23,4206754,3892988,538735,763559
2023-08-24,4269784,3949260,557363,778450
2023-08-25,4295637,3989920,530937,794436
2023-08-26,2680413,2507612,265201,425928
2023-08-27,1595820,1496347,152343,170969
2023-08-28,4149053,3843338,513988,762421
2023-08-29,4242043,3926917,535322,768372
2023-08-30,4268815,3954262,531352,772470
2023-08-31,4247410,3936569,537085,770899
2023-09-01,4281944,3978193,524814,787493
2023-09-02,2408856,2256013,247423,345418
2023-09-03,1055367,987214,109317,114315
2023-09-04,4094544,3787224,520420,752468
2023-09-05,4252004,3936215,535872,770500
2023-09-06,4057226,3752760,538437,757610
2023-09-07,3650062,3350958,527541,706748
2023-09-08,4324401,4023953,534894,784053
2023-09-09,2799791,2633587,273906,389731
2023-09-10,1692713,1590223,156675,180000
2023-09-11,3437934,3157884,479100,697433
2023-09-12,4326102,4008768,538605,780312
2023-09-13,4371093,4049409,547738,791663
2023-09-14,4375446,4048431,585516,807884
2023-09-15,4373489,4066631,538302,807637
2023-09-16,2820949,2638030,277477,457063
2023-09-17,1410348,1334588,123646,149829
2023-09-18,4228473,3921444,513934,767891
2023-09-19,4292944,3970560,552623,777078
2023-09-20,4254304,3940228,544059,767520
2023-09-21,3797211,3507997,485331,720474
2023-09-22,4221095,3959797,474542,780458
2023-09-23,2679505,2529964,204852,435709
2023-09-24,1563901,1469640,148204,174023
2023-09-25,4039730,3753264,482791,721219
2023-09-26,4121927,3818048,521975,739340
2023-09-27,4333220,4014555,552967,773372
2023-09-28,4334478,4009350,567717,786995
2023-09-29,4303515,3992097,563935,786138
2023-09-30,2764803,2579648,281029,467665
2023-10-01,1622800,1520759,156617,182912
2023-10-02,4219103,3913201,515535,755284
2023-10-03,4094829,3778358,540817,769799
2023-10-04,4141205,3828482,538931,764574
2023-10-05,4386935,4066166,554821,793976
2023-10-06,4372429,4066937,537628,807967
2023-10-07,2910055,2721535,291771,488818
2023-10-08,1748411,1646153,161058,188333
2023-10-09,4296466,3985320,525131,788134
2023-10-10,4395845,4074030,557475,796806
2023-10-11,4297282,3981444,549407,776578
2023-10-12,4440736,4114665,572560,826247
2023-10-13,2403160,2237759,235939,391258
2023-10-14,2655247,2480917,253135,446256
2023-10-15,1596136,1500682,141980,192587
2023-10-16,1582580,1474362,149294,232267
2023-10-17,4317748,4004208,534537,776418
2023-10-18,4359644,4043456,551617,759838
2023-10-19,4370427,4046099,562189,792388
2023-10-20,4382320,4076930,542280,804220
2023-10-21,2662004,2495342,248643,439957
2023-10-22,239491,236439,274,3516
2023-10-23,3658915,3384721,473526,663522
2023-10-24,4267149,3957456,535606,755149
2023-10-25,4351358,4029706,562901,795726
2023-10-26,4353430,4034156,551610,790339
2023-10-27,4339072,4034081,534438,802529
2023-10-28,2798138,2615105,280514,477188
2023-10-29,1523841,1432924,146764,163307
2023-10-30,3904276,3614930,500481,696811
2023-10-31,3998232,3694743,527520,729830
2023-11-01,4260543,3946509,541613,758108
2023-11-02,3291947,3021387,490832,613358
2023-11-03,4151185,3851698,545642,759603
2023-11-04,2736621,2560304,332848,282634
2023-11-05,1730243,1625772,163750,190515
2023-11-06,4242805,3939887,519799,768471
2023-11-07,4325187,4004278,555504,783344
2023-11-08,4388111,4086454,549296,790407
2023-11-09,4439969,4111588,596064,802179
2023-11-10,3871825,3586458,511103,716442
2023-11-11,2875186,2687497,294466,482467
2023-11-12,1719668,1612948,166447,198392
2023-11-13,4247039,3940309,522494,770733
2023-11-14,4376681,4054276,551393,793092
2023-11-15,4341597,4025335,556175,777705
2023-11-16,4369907,4053602,551717,792443
2023-11-17,4320183,4020818,534301,796235
2023-11-18,2777017,2596776,271424,474103
2023-11-19,251805,245598,1052,6634
2023-11-20,1647944,1540509,153196,236574
2023-11-21,4175224,3865493,534167,760073
2023-11-22,4341599,4024262,546438,778573
2023-11-23,4329568,4008857,557937,785724
2023-11-24,4329997,4025179,540659,797905
2023-11-25,2793112,2608677,291875,468826
2023-11-26,1649785,1550563,160509,176522
2023-11-27,4080988,3786965,502517,741469
2023-11-28,4137416,3825784,539923,761065
2023-11-29,3914369,3621302,510189,707400
2023-11-30,4258278,3952409,536574,775518
2023-12-01,3731097,3463368,482830,701040
2023-12-02,2814159,2646077,291104,403984
2023-12-03,1481850,1393303,145262,159407
2023-12-04,4110498,3812954,518691,737733
2023-12-05,4118732,3809210,540116,757742
2023-12-06,3747641,3467519,517985,691040
2023-12-07,4288909,3974768,584375,800022
2023-12-08,2290507,2135294,239060,349755
2023-12-09,2697405,2525084,271260,450465
2023-12-10,1606115,1506546,155715,180879
2023-12-11,4038990,3736773,513565,767668
2023-12-12,4060987,3754739,531408,760302
2023-12-13,3939270,3645404,524282,733650
2023-12-14,4063929,3757536,535081,769677
2023-12-15,4080924,3788711,524752,775228
2023-12-16,2739254,2565782,276990,465883
2023-12-17,1127283,1076434,110451,41225
2023-12-18,3319602,3075779,463303,579700
2023-12-19,3939165,3635858,536647,743040
2023-12-20,3897709,3617911,487211,722397
2023-12-21,4017495,3710236,543944,783212
2023-12-22,3993407,3707432,500749,780146
2023-12-23,2732856,2564382,250076,454659
2023-12-24,1373306,1298191,105594,137868
2023-12-25,828959,769610,76895,101499
2023-12-26,3279600,3016279,424322,677149
2023-12-27,3346862,3066816,463668,693746
2023-12-28,3324365,3051546,441843,695797
2023-12-29,3349550,3094848,413323,696036
2023-12-30,2384203,2236418,208789,392649
2023-12-31,1240830,1172117,94848,123018
2024-02-01,2951150,2747549,312685,615604
2024-02-02,3021305,2831687,300928,616279
2024-02-03,2111110,1998010,147866,362521
2024-02-04,1375175,1306339,90215,161344
2024-02-05,3118761,2904905,316743,658815
2024-02-06,3056716,2823565,325295,635735
2024-02-07,3091368,2849430,329152,640366
2024-02-08,2980084,2778225,286382,622715
2024-02-09,2992891,2770752,313088,625660
2024-02-10,2008307,1886152,146388,340944
2024-02-11,1315065,1244594,91527,153054
2024-02-12,1087486,1022887,81374,148577
2024-02-13,1522267,1425235,111227,228623
2024-02-14,3365644,3106928,351849,708520
2024-02-15,3281354,3026541,351442,682541
2024-02-16,3300996,3060866,327018,686643
2024-02-17,2246459,2107216,162998,397188
2024-02-18,1260526,1191308,87688,136663
2024-02-19,3265377,3023046,327549,669479
2024-02-20,3295879,3044894,344053,668545
2024-02-21,2966141,2863017,258822,1024
2024-02-22,3313483,3059011,355861,673625
2024-02-23,3398770,3154888,348063,692842
2024-02-24,2286535,2144539,173021,399961
2024-02-25,1307597,1237916,91003,138887
2024-02-26,2936440,2716825,321391,580952
2024-02-27,3448238,3185658,363572,695747
2024-02-28,3462163,3201712,369052,695080
2024-02-29,3454834,3190210,373930,703012
2024-03-01,3606048,3374167,338804,698883
2024-03-02,2172079,2037823,164490,375127
2024-03-03,1424562,1344184,101580,165496
2024-03-04,3615188,3347322,361868,715933
2024-03-05,3705824,3428553,378166,713724
2024-03-06,3952742,3679047,382528,732889
2024-03-07,3669119,3325510,467661,738444
2024-03-08,3777767,3459924,495959,741336
2024-03-09,2459691,2285021,238146,429580
2024-03-10,1481600,1382547,141667,180236
2024-03-11,3564273,3272015,450688,663253
2024-03-12,2571950,2321425,380279,493774
2024-03-13,3047678,2778610,437497,553805
2024-03-14,3333112,3051514,460070,602738
2024-03-15,4123816,3804487,505720,777137
2024-03-16,2510567,2329148,242818,454982
2024-03-17,1519411,1413574,145446,183461
2024-03-18,4043616,3710971,504908,770875
2024-03-19,4090771,3751809,527026,759978
2024-03-20,2572373,2342522,375926,492076
2024-03-21,4148016,3804285,544193,774092
2024-03-22,4209966,3881009,526959,793161
2024-03-23,2598828,2408147,257615,474657
2024-03-24,1594155,1427566,247598,184114
2024-03-25,4136956,3801601,518750,773807
2024-03-26,4207702,3859378,545183,779191
2024-03-27,4241914,3898781,545116,796890
2024-03-28,2600421,2401776,267964,532500
2024-03-29,1630434,1503447,167002,266087
2024-03-30,2161912,2005291,210599,383180
2024-03-31,1303585,1218350,125228,151135
2024-04-01,1421158,1302399,148787,221904
2024-04-02,1513110,1394903,149434,238571
2024-04-03,3460468,3161415,487773,644568
2024-04-04,3998180,3646869,545519,792351
2024-04-05,4232871,3899147,533752,787244
2024-04-06,2608939,2416735,264107,464657
2024-04-07,1535504,1430708,148000,183206
2024-04-08,4046734,3701371,518519,755745
2024-04-09,4192472,3844191,548605,778032
2024-04-10,4230937,3872937,570685,796523
2024-04-11,1633051,973674,533406,586453
2024-04-12,4218651,3876563,544258,806892
2024-04-13,2153048,1991073,233379,380770
2024-04-14,1182669,1100035,122059,130161
2024-04-15,3446179,3142959,492940,661498
2024-04-16,4127473,3781545,559174,762146
2024-04-17,4286940,3932145,561810,795159
2024-04-18,4307775,3947257,571436,802375
2024-04-19,4326180,3984842,554093,814364
2024-04-20,2705537,2504007,277220,497098
2024-04-21,1387923,1296712,133289,157844
2024-04-22,3647800,3334679,505833,677789
2024-04-23,4186337,3780951,685562,813890
2024-04-24,4262369,3912350,549495,784118
2024-04-25,3786875,3451827,549392,707727
2024-04-26,3746030,3444370,508248,702023
2024-04-27,2550157,2360065,266182,453685
2024-04-28,1487796,1383974,145973,176965
2024-04-29,4068505,3746706,523021,751661
2024-04-30,4092491,3758512,556412,754954
2024-05-01,1204442,1106290,135888,165100
2024-05-02,4213845,3870764,549936,757415
2024-05-03,4223189,3891541,537725,787250
2024-05-04,2612460,2418522,269781,463568
2024-05-05,1380843,1291316,129949,157926
2024-05-06,3966437,3656457,486593,701782
2024-05-07,4122838,3788721,542365,751950
2024-05-08,4234882,3890768,559417,754439
2024-05-09,304475,304396,1,90
2024-05-10,4329274,4017633,540646,759728
2024-05-11,2660164,2470330,276177,456841
2024-05-12,1281470,1195949,128675,144314
2024-05-13,4087088,3772856,519434,699478
2024-05-14,4153435,3823785,540036,714066
2024-05-15,4142910,3816997,532646,706840
2024-05-16,4175588,3846780,544783,713757
2024-05-17,4145338,3849945,484330,713103
2024-05-18,2560228,2392639,227195,431748
2024-05-19,1411617,1332853,109690,150863
2024-05-20,4021589,3738404,446926,679260
2024-05-21,4071317,3774532,467571,705294
2024-05-22,4077482,3781534,467818,709054
2024-05-23,3609680,3326321,437864,669182
2024-05-24,3993652,3718271,446096,699790
2024-05-25,1884463,1758390,167709,279882
2024-05-26,1289412,1215830,104983,128471
2024-05-27,3842128,3567831,430361,667885
2024-05-28,3964994,3673052,457652,691854
2024-05-29,4039656,3748766,458825,695735
2024-05-30,3963231,3723868,441403,456327
2024-05-31,4046603,3768760,447418,697867
2024-06-01,2499694,2342976,210595,405960
2024-06-02,1228237,1161525,93307,128981
2024-06-03,3975474,3698679,430050,687209
2024-06-04,3925715,3659657,421135,619956
2024-06-05,3996421,3720470,438807,671423
2024-06-06,4127149,3835307,459340,716044
2024-06-07,4136773,3858677,448272,724982
2024-06-08,2615473,2454445,216503,438343
2024-06-09,1487198,1407005,109600,159431
2024-06-10,4122095,3842852,434955,711549
2024-06-11,4070490,3792562,434745,685836
2024-06-12,3940851,3658281,458099,697567
2024-06-13,4230104,3936305,471105,727186
2024-06-14,4151139,3874449,455104,728504
2024-06-15,2749477,2584348,224373,452329
2024-06-16,1432635,1356075,109937,159750
2024-06-17,1548054,1450994,122480,228628
2024-06-18,4091352,3808040,455440,712576
2024-06-19,4139474,3886727,419926,723607
2024-06-20,1857802,1733672,162625,292279
2024-06-21,1497580,1404439,134316,204119
2024-06-22,2177011,2043052,178813,349622
2024-06-23,1373020,1296369,105369,150674
2024-06-24,4023500,3748339,427733,697598
2024-06-25,4019486,3751733,430435,652463
2024-06-26,4013092,3733898,441668,690266
2024-06-27,4026188,3753682,435145,682192
2024-06-28,4134455,3857496,450138,719009
2024-06-29,2442431,2290782,211043,398978
2024-06-30,1376573,1300494,109781,139139
2024-07-01,4003645,3733713,422595,687918
2024-07-02,4106378,3823161,450167,695884
2024-07-03,4100107,3817227,449109,697020
2024-07-04,4053536,3767820,458880,696300
2024-07-05,3930951,3660359,443397,708644
2024-07-06,2476355,2325760,216583,400878
2024-07-07,1423786,1340954,121333,149755
2024-07-08,3855599,3587586,429477,676088
2024-07-09,1502130,1394248,152635,204712
2024-07-10,3916125,3639795,445974,678795
2024-07-11,3881587,3601201,451135,682420
2024-07-12,3969601,3699135,443078,700945
2024-07-13,2504881,2343801,228694,412217
2024-07-14,1417397,1328098,129189,147646
2024-07-15,3103203,2863195,368825,605442
2024-07-16,3321722,3060141,401872,655226
2024-07-17,3420948,3150418,422242,678569
2024-07-18,3417533,3150263,421499,680680
2024-07-19,3336994,3097188,391546,655847
2024-07-20,2313613,2168476,216811,364823
2024-07-21,1401290,1315956,126433,154924
2024-07-22,3103916,2869750,360853,617613
2024-07-23,3242521,2992161,395575,644233
2024-07-24,3074180,2840617,370939,592475
2024-07-25,3389497,3126056,414626,679805
2024-07-26,3439184,3189046,401153,675061
2024-07-27,2529051,2367767,237857,410546
2024-07-28,1517054,1433986,130739,164557
2024-07-29,3801419,3552669,387651,641082
2024-07-30,3870938,3606120,413335,646684
2024-07-31,3929365,3663452,419608,653188
2024-08-01,3950945,3681075,428241,662767
2024-08-02,4002771,3748965,417847,686595
2024-08-03,2193188,2059328,199415,318433
2024-08-04,1482723,1399330,122910,156972
2024-08-05,3950994,3679024,430795,673623
2024-08-06,3796385,3526081,444752,639875
2024-08-07,4070031,3785621,477234,688880
2024-08-08,3824045,3555067,457646,631542
2024-08-09,4059157,3790244,453337,688637
2024-08-10,2621153,2458591,235412,424829
2024-08-11,1513447,1426707,128553,160178
2024-08-12,3980521,3707848,425876,673379
2024-08-13,4125801,3836763,459012,699563
2024-08-14,4034309,3747350,463357,709869
2024-08-15,4171030,3872311,477147,725219
2024-08-16,4143075,3862608,463101,722808
2024-08-17,2302047,2145965,215606,350239
2024-08-18,1458352,1373854,124757,151874
2024-08-19,3886132,3609729,439706,679241
2024-08-20,3871406,3595394,437987,649603
2024-08-21,3334681,3081970,414095,569607
2024-08-22,3904668,3621364,470821,668741
2024-08-23,4085151,3804413,460392,714907
2024-08-24,2474475,2316710,222113,400628
2024-08-25,1426522,1341350,124840,150304
2024-08-26,4039500,3755342,446686,697960
2024-08-27,4132930,3837095,468674,706124
2024-08-28,4150835,3854983,470997,707160
2024-08-29,4127937,3830930,471898,711321
2024-08-30,3349544,3104764,411079,592267
2024-08-31,1560363,1457173,158873,218861
2024-09-01,1254070,1177628,114248,122440
2024-09-02,4058859,3774034,449662,699720
2024-09-03,4156845,3855051,473423,715886
2024-09-04,4171345,3869218,482338,715897
2024-09-05,4150767,3849167,481157,714332
2024-09-06,4180325,3892400,469792,733502
2024-09-07,2666803,2498400,235822,445764
2024-09-08,1579959,1493061,127228,173596
2024-09-09,4052638,3766342,447407,703485
2024-09-10,4010513,3721229,464374,686059
2024-09-11,3527728,3238889,460879,683779
2024-09-12,4156060,3858353,471103,709259
2024-09-13,4181115,3896219,457103,737022
2024-09-14,2588436,2426591,224079,418997
2024-09-15,1523278,1433853,126270,156332
2024-09-16,4048442,3769334,440004,666569
2024-09-17,4134178,3838637,462223,701243
2024-09-18,4132808,3834168,466532,707517
2024-09-19,3860782,3579313,451723,660632
2024-09-20,4191843,3908133,463182,721792
2024-09-21,2549319,2390240,221110,407438
2024-09-22,1349256,1269170,118005,141593
2024-09-23,4008375,3724724,437548,698578
2024-09-24,4114520,3816986,463863,710678
2024-09-25,4095084,3802321,461314,701114
2024-09-26,3942643,3656460,437066,681899
2024-09-27,4114973,3832802,447471,717029
2024-09-28,2572899,2412629,228066,418325
2024-09-29,1540370,1448102,131568,157164
2024-09-30,3657504,3388572,411403,642644
2024-10-01,4139851,3849030,447296,714183
2024-10-02,3753622,3443611,481448,702953
2024-10-03,4105516,3824684,436283,702402
2024-10-04,4149405,3870135,438094,731677
2024-10-05,2620609,2449820,224052,451338
2024-10-06,1527201,1442466,118691,164146
2024-10-07,3961652,3689092,417174,701123
2024-10-08,4164899,3867408,459930,721079
2024-10-09,4186269,3889591,462407,727446
2024-10-10,4094773,3807923,444025,717332
2024-10-11,2109576,1974844,177769,320998
2024-10-12,2032973,1904668,166298,302700
2024-10-13,1314131,1240821,102397,138563
2024-10-14,3961027,3685927,418551,690801
2024-10-15,4113290,3825198,448606,704576
2024-10-16,4175080,3879538,454265,724303
2024-10-17,3931565,3652925,426103,674933
2024-10-18,4194675,3915926,438588,735239
2024-10-19,2661860,2497909,218369,441201
2024-10-20,1468925,1386546,113361,168320
2024-10-21,3790030,3529132,389453,654876
2024-10-22,3971280,3693956,422506,676558
2024-10-23,3539759,3281148,409861,618854
2024-10-24,3769177,3497559,432819,658602
2024-10-25,4043458,3771544,427461,711780
2024-10-26,2564408,2406362,209360,421793
2024-10-27,1508866,1426953,111781,160825
2024-10-28,4055863,3775071,419244,712605
2024-10-29,4125505,3834985,446749,715669
2024-10-30,2867545,2867445,27,343
2024-10-31,3696479,3420951,394466,617385
2024-11-01,4087754,3814842,434003,720919
2024-11-02,2380298,2219390,233393,385591
2024-11-03,1471557,1391220,106322,158920
2024-11-04,3366593,3119302,391204,601669
2024-11-05,4211807,3919409,449402,726567
2024-11-06,4162307,3879724,435975,723093
2024-11-07,4146699,3855752,452480,723824
2024-11-08,4165789,3889200,434399,738393
2024-11-09,2629918,2481037,171118,444834
2024-11-10,1454825,1371610,113347,164883
2024-11-11,3970256,3700432,408406,682644
2024-11-12,4149520,3860537,438425,716342
2024-11-13,4176645,3889643,441425,719895
2024-11-14,4147930,3858690,445505,719468
2024-11-15,4109029,3838371,425086,720399
2024-11-16,2451820,2307063,197122,405413
2024-11-17,1126899,1064100,93805,116900
2024-11-18,1595693,1497163,125714,227969
2024-11-19,4019859,3736123,433747,703104
2024-11-20,4111062,3859722,381206,701324
2024-11-21,4114426,3827958,439174,709117
2024-11-22,4120968,3853048,420324,714937
2024-11-23,2543808,2391564,205639,413250
2024-11-24,1438160,1358855,109226,154915
2024-11-25,3800689,3540938,393907,649461
2024-11-26,3842066,3572258,414208,652859
2024-11-27,3731611,3468769,405793,641288
2024-11-28,4050116,3771480,425783,689681
2024-11-29,4054029,3791953,407655,697885
2024-11-30,2553244,2397364,204847,421462
2024-12-01,1172979,1106071,94580,120976
2024-12-02,3889803,3634694,389333,647269
2024-12-03,3894644,3655047,387455,564985
2024-12-04,3957461,3693770,396607,679697
2024-12-05,3843434,3581181,404683,685032
2024-12-06,3835829,3594151,377813,665867
2024-12-07,2633764,2484548,206738,419972
2024-12-08,1538614,1455683,115729,160048
2024-12-09,3645137,3394798,364376,684038
2024-12-10,3846024,3585972,386316,690643
2024-12-11,3843455,3588536,377267,690283
2024-12-12,3819081,3563674,386996,687350
2024-12-13,3791416,3545913,382329,678268
2024-12-14,2615790,2480858,177914,408435
2024-12-15,1528474,1452652,107962,158988
2024-12-16,3694512,3451738,352723,683052
2024-12-17,3724637,3476956,365763,684180
2024-12-18,3709603,3476504,355340,619675
2024-12-19,3740352,3484482,386721,700503
2024-12-20,3838094,3593539,378565,715318
2024-12-21,2724649,2577081,203477,437667
2024-12-22,1657847,1578267,111253,173155
2024-12-23,3501221,3278495,328238,666541
2024-12-24,1952034,1842759,122789,323158
2024-12-25,686757,644780,46004,79601
2024-12-26,3013348,2810147,286317,589172
2024-12-27,3181427,2976752,293401,614924
2024-12-28,2247629,2124050,151157,362804
2024-12-29,1333509,1270025,81253,138001
2024-12-30,2970444,2780409,263642,579487
2024-12-31,1709496,1613157,101214,288613
2025-01-01,602670,567642,37314,67417
2025-01-02,2582418,2416320,236200,490263
2025-01-03,2831582,2649136,252607,552411
2025-01-04,2053020,1938511,135130,336373
2025-01-05,1250178,1186918,76364,138726
2025-01-06,2851615,2658320,264333,567009
2025-01-07,2852546,2660221,266258,565846
2025-01-08,2848810,2655389,266246,567585
2025-01-09,2856559,2666785,266277,563462
2025-01-10,2911677,2728851,254485,577254
2025-01-11,2058988,1952634,132371,331410
2025-01-12,1233413,1175762,73117,137531
2025-01-13,2784176,2601496,246118,557592
2025-01-14,2811736,2627750,257303,549778
2025-01-15,2789413,2608280,249576,546150
2025-01-16,2659109,2486600,239401,518664
2025-01-17,2791342,2622400,237911,540459
2025-01-18,1978516,1880108,124220,304388
2025-01-19,971041,926551,59455,103316
2025-01-20,2833653,2652381,247292,563254
2025-01-21,2902390,2711993,261288,577059
2025-01-22,2837820,2654501,250551,563116
2025-01-23,2770346,2573721,282939,546224
2025-01-24,2782612,2613119,239955,550211
2025-01-25,2050335,1943941,132014,336878
2025-01-26,1248208,1191636,73202,132588
2025-01-27,2751477,2572385,241653,562042
2025-01-28,2724597,2604526,229105,304025
2025-01-29,2904856,2712978,263522,593488
2025-01-30,2860553,2672053,258204,579338
2025-01-31,2912647,2732842,251044,584231
2025-02-01,2069900,1935024,188987,344113
2025-02-02,1191077,1138334,68804,123160
2025-02-03,2703035,2524138,245008,549759
2025-02-04,2760113,2575077,258314,548833
2025-02-05,2295570,2143741,226180,439599
2025-02-06,3123290,2917505,292196,627496
2025-02-07,3097244,2903254,274537,628143
2025-02-08,2139886,2027861,140248,352355
2025-02-09,1217119,1157345,78424,128540
2025-02-10,2864319,2678870,254733,580077
2025-02-11,2631543,2465392,251283,474947
2025-02-12,3198650,2989214,290230,641212
2025-02-13,3206537,2997700,292302,640124
2025-02-14,3145933,2953825,275019,621152
2025-02-15,2176636,2060795,141917,354523
2025-02-16,1231438,1172795,76651,123637
2025-02-17,3185645,2984469,273438,626116
2025-02-18,3268004,3057292,290973,634688
2025-02-19,3275050,3066510,287680,629035
2025-02-20,3252857,3046638,293684,620980
2025-02-21,3190193,2997583,270982,621522
2025-02-22,2094623,1990887,133421,321925
2025-02-23,1250233,1196141,72748,121052
2025-02-24,2810832,2638774,265519,519084
2025-02-25,3254358,3061830,289373,581691
2025-02-26,3262853,3068969,291207,584196
2025-02-27,3313190,3115478,301061,595179
2025-02-28,3098285,2918277,278280,573861
2025-03-01,2170896,2065219,145540,298505
2025-03-02,1076528,1023793,72787,113079
2025-03-03,1042941,987418,74713,137851
2025-03-04,1423817,1349293,92690,190960
2025-03-05,3455656,3278950,262243,591126
2025-03-06,3402848,3201551,296455,597903
2025-03-07,3461286,3258337,296746,628503
2025-03-08,2128818,2006480,166795,327584
2025-03-09,1419271,1348254,92707,146760
2025-03-10,3857808,3623218,330585,670706
2025-03-11,3859720,3623539,337541,661659
2025-03-12,3920264,3676619,355729,678465
2025-03-13,3954422,3716634,347140,678192
2025-03-14,3993610,3762119,335080,700479
2025-03-15,2463264,2329788,170557,398003
2025-03-16,1383898,1316646,90780,145329
2025-03-17,3900837,3669024,321628,674758
2025-03-18,3949832,3713698,332510,671942
2025-03-19,3987689,3745882,345348,689005
2025-03-20,4056649,3810444,363034,702846
2025-03-21,4024353,3786906,343251,723778
2025-03-22,2372564,2235947,161899,412126
2025-03-23,1210776,1144979,81428,140692
2025-03-24,1437157,1313869,162473,222719
2025-03-25,4103405,3857087,365639,714100
2025-03-26,4113229,3864971,362931,714530
2025-03-27,3999009,3754942,362848,716008
2025-03-28,3906992,3673159,336002,682532
2025-03-29,2468380,2331809,170121,404815
2025-03-30,1336408,1270889,83524,145437
2025-03-31,3848903,3613698,340939,682100
2025-04-01,4175596,3924675,372731,735558
2025-04-02,1647584,1549022,112381,238167
2025-04-03,4174267,3918323,375788,738865
2025-04-04,4106838,3865022,357667,733161
2025-04-05,2486966,2347607,174510,414084
2025-04-06,1454068,1379300,101622,162060
2025-04-07,3784422,3551254,345251,685161
2025-04-08,3996280,3749831,368795,705655
2025-04-09,3947473,3712840,351876,666867
2025-04-10,2349785,2349656,42,475
2025-04-11,4231641,3996539,361768,749675
2025-04-12,2528732,2387849,183328,418252
2025-04-13,1512281,1434718,104584,165126
2025-04-14,4118346,3871128,358515,730215
2025-04-15,4117539,3872117,369924,713671
2025-04-16,4180619,3922637,388147,740703
2025-04-17,2315061,2179349,177495,439830
2025-04-18,1510324,1420654,114502,210254
2025-04-19,2193900,2069399,156824,359525
2025-04-20,1337646,1271251,88961,142063
2025-04-21,3960988,3719371,349580,700178
2025-04-22,4003996,3756328,359155,701084
2025-04-23,4035631,3788042,364990,699467
2025-04-24,4109283,3856818,379194,716191
2025-04-25,4090705,3846334,374316,722601
2025-04-26,2425868,2286226,188092,386134
2025-04-27,1367678,1295234,99012,146667
2025-04-28,4002684,3757313,360378,706947
2025-04-29,4102241,3850693,372933,711583
2025-04-30,4161093,3907303,396752,738414
2025-05-01,1163831,1092443,86594,154773
2025-05-02,2477609,2336561,196936,413831
2025-05-03,2337515,2204128,174003,378887
2025-05-04,1317960,1251892,93386,133971
2025-05-05,3570654,3348516,336224,631989
2025-05-06,1357810,891014,344861,467945
2025-05-07,4014764,3768616,369252,699247
2025-05-08,3991629,3745020,371866,698385
2025-05-09,4154760,3909362,371718,739997
2025-05-10,2553775,2404068,195982,427269
2025-05-11,1452657,1375420,105920,154407
2025-05-12,4021274,3775494,352014,716590
2025-05-13,4069026,3820319,358628,710924
2025-05-14,4054201,3810659,355869,702410
2025-05-15,4008773,3761342,359606,706114
2025-05-16,2746322,2555904,298265,533390
2025-05-17,1562427,1471440,121748,240275
2025-05-18,1330456,1259150,100420,130039
2025-05-19,3891577,3659461,339055,681456
2025-05-20,3820473,3574992,358343,694622
2025-05-21,4030619,3794164,354484,692000
2025-05-22,3863996,3622098,357882,688533
2025-05-23,3931135,3703916,333207,684773
2025-05-24,2440617,2297998,180836,412448
2025-05-25,1347725,1275827,97922,146649
2025-05-26,3608655,3387356,320733,633261
2025-05-27,3053423,2849738,315227,553277
2025-05-28,3989854,3758323,356725,654444
2025-05-29,3969849,3728802,352384,689734
2025-05-30,3959583,3727659,346051,700081
2025-05-31,2396943,2258390,176418,396206
2025-06-01,1358533,1290144,91660,141622
2025-06-02,3898929,3664322,327094,691783
2025-06-03,3958339,3719947,336877,683537
2025-06-04,3971154,3724437,357235,700427
2025-06-05,3997799,3755903,348609,701545
2025-06-06,3996690,3760822,341076,719649
2025-06-07,2443610,2304005,175435,405803
2025-06-08,1371380,1302123,95202,138801
2025-06-09,3912295,3675300,329915,697241
2025-06-10,3976375,3729970,348199,705182
2025-06-11,3787799,3547727,339233,684682
2025-06-12,3971606,3733005,341872,697403
2025-06-13,3811467,3586191,328498,693807
2025-06-14,2042875,1928822,150285,321039
2025-06-15,1282650,1219544,86035,128894
2025-06-16,1323530,1249349,92961,184615
2025-06-17,3884441,3668372,332588,639203
2025-06-18,3720520,3494041,340351,637764
2025-06-19,4023365,3801154,353144,662621
2025-06-20,1810767,1712765,128130,246828
2025-06-21,2238904,2110998,159454,359785
2025-06-22,1175054,1117977,79915,114414
2025-06-23,3394255,3186290,297000,608474
2025-06-24,3746123,3522345,314745,651199
2025-06-25,3894297,3665211,326474,667753
2025-06-26,3848594,3621884,324163,663359
2025-06-27,3768502,3547533,317466,676654
2025-06-28,2364836,2227825,167473,397116
2025-06-29,1202723,1140902,81697,122266
2025-06-30,3584052,3372045,300771,626191
2025-07-01,3552856,3334619,306612,623244
2025-07-02,3703382,3483369,315637,633819
2025-07-03,3726256,3500582,312661,658924
2025-07-04,3917342,3689390,326576,690590
2025-07-05,2431807,2287976,182461,405755
2025-07-06,1374987,1303607,96498,137814
2025-07-07,3820766,3597789,319700,661307
2025-07-08,3974845,3739492,341246,684909
2025-07-09,1539941,1462747,100432,138044
2025-07-10,3953431,3711853,345205,691797
2025-07-11,3967035,3733629,338961,683527
2025-07-12,2440046,2294671,180804,406181
2025-07-13,1386390,1313078,95770,145163
2025-07-14,3807047,3583140,315515,640148
2025-07-15,3872313,3636186,332095,657095
2025-07-16,3003536,2808342,297817,521692
2025-07-17,3756692,3520578,350741,649120
2025-07-18,3871728,3642667,332098,677503
2025-07-19,2444412,2300773,181061,402057
2025-07-20,1572679,1489141,113357,165973
2025-07-21,3073126,2866670,277873,610780
2025-07-22,3098516,2888410,288073,614341
2025-07-23,3127216,2914692,296927,617630
2025-07-24,3126826,2916003,294184,617671
2025-07-25,2913612,2724073,274049,572823
2025-07-26,2163095,2030045,169401,359317
2025-07-27,1225752,1154146,98028,132888
2025-07-28,2995199,2795400,265368,602473
2025-07-29,3087800,2881690,283244,620817
2025-07-30,3136931,2928340,287038,622866
2025-07-31,3087361,2882547,280862,608669
2025-08-01,2651467,2488432,237424,519171
2025-08-02,2316669,2176773,169545,386889
2025-08-03,1386959,1312668,95816,147249
2025-08-04,3753351,3549990,274334,635385
2025-08-05,3806728,3576369,320835,641119
2025-08-06,3856717,3622618,327559,651106
2025-08-07,3822736,3586044,343595,657990
2025-08-08,3872589,3643721,330353,664983
2025-08-09,2412772,2275632,176776,378677
2025-08-10,1416559,1344794,97202,134710
2025-08-11,3804494,3590771,313303,615957
2025-08-12,3951236,3725586,339629,640890
2025-08-13,3942427,3715806,343451,640425
2025-08-14,3960284,3731572,356388,657132
2025-08-15,2458493,2323351,183521,394681
2025-08-16,2232078,2106604,157534,340770
2025-08-17,1255221,1189858,89601,122638
2025-08-18,3790965,3562194,318858,653523
2025-08-19,2525133,2344898,276341,471923
2025-08-20,3233371,3024686,314230,556250
2025-08-21,4019994,3772892,353091,699979
2025-08-22,3890629,3662047,334837,675536
2025-08-23,2415731,2277026,171783,383037
2025-08-24,1382222,1305893,95570,149268
2025-08-25,3948091,3712495,324452,681678
2025-08-26,3999555,3757436,335847,684499
2025-08-27,3988757,3750134,337679,677057
2025-08-28,4025172,3779439,343968,687253
2025-08-29,3977127,3742239,332184,690490
2025-08-30,2322900,2188794,161395,371443
2025-08-31,864018,818565,60255,88306
2025-09-01,3366465,3153242,299889,584279
2025-09-02,3760916,3526714,328444,652877
2025-09-03,3968848,3724900,337898,679629
2025-09-04,3984335,3737597,342097,690840
2025-09-05,3972030,3733334,330119,700194
2025-09-06,2404428,2259780,168141,403569
2025-09-07,943071,865692,84114,101624
2025-09-08,3879790,3642729,321137,666863
2025-09-09,4038020,3789632,339628,693824
2025-09-10,3995884,3751880,339775,675804
2025-09-11,3443403,3203424,318057,678963
2025-09-12,3915177,3684325,314216,665548
2025-09-13,2432179,2294060,163938,390611
2025-09-14,1419265,1348402,89920,143059
2025-09-15,3769701,3546167,313659,628572
2025-09-16,3998516,3752424,326281,685936
2025-09-17,3895214,3633432,356118,683267
2025-09-18,3954626,3708057,329915,671108
2025-09-19,3421719,3206116,302611,613462
2025-09-20,2067673,1948383,140748,320876
2025-09-21,1300389,1231812,94297,128154
2025-09-22,3922669,3695729,315489,645107
2025-09-23,3962479,3729520,323668,645657
2025-09-24,3892076,3695750,308800,476341
2025-09-25,3932219,3724452,324238,499484
2025-09-26,3938559,3734632,313605,541593
2025-09-27,1909738,1797792,141556,280725
2025-09-28,1413100,1337867,94292,138138
2025-09-29,3739182,3510465,300761,630461
2025-09-30,3955580,3715161,324904,646068
2025-10-01,3997292,3754915,328270,665230
2025-10-02,3950244,3713171,317848,656759
2025-10-03,4014587,3778388,329765,670327
2025-10-04,2439292,2289671,167581,409444
2025-10-05,1134904,1072900,78087,114723
2025-10-06,3878128,3642445,312666,658597
2025-10-07,3946017,3710910,312073,677343
2025-10-08,3919761,3668903,326833,683128
2025-10-09,4105181,3851252,344603,704554
2025-10-10,1989950,1874426,134607,281730
2025-10-11,2244135,2119872,152946,328272
2025-10-12,1208471,1147441,80785,116754
2025-10-13,3892552,3664742,311551,629420
2025-10-14,3691596,3445298,316190,667959
2025-10-15,4033980,3787812,322181,665079
2025-10-16,4048117,3801975,327892,669770
2025-10-17,3965512,3723983,324142,673927
2025-10-18,2527473,2379776,166295,395986
2025-10-19,1374340,1303947,82357,140347
2025-10-20,3838263,3598801,304118,648731
2025-10-21,3923507,3679542,307019,646390
2025-10-22,3938856,3696378,316867,641206
2025-10-23,4024385,3773824,326358,672269
2025-10-24,3103591,2904619,278202,536331
2025-10-25,1847344,1741511,123681,261952
2025-10-26,991286,916899,86341,78794
2025-10-27,3808258,3573908,297293,641607
2025-10-28,3975972,3731415,315834,646978
2025-10-29,3947771,3701779,314750,655056
2025-10-30,3989185,3745279,315927,658662
2025-10-31,4021960,3779568,319177,667821
2025-11-01,2436864,2280924,199303,381550
2025-11-02,1305789,1238857,84253,121760
2025-11-03,3883468,3644734,304030,653938
2025-11-04,3559037,3330441,302739,609607
2025-11-05,4034876,3788018,320678,668460
2025-11-06,3984040,3741930,316397,666690
2025-11-07,3628245,3392472,314241,644699
2025-11-08,2410214,2261732,144825,404710
2025-11-09,1356798,1283154,86126,138430
2025-11-10,3891562,3651755,300431,659904
2025-11-11,3916256,3669506,315039,649805
2025-11-12,3973238,3735349,312158,624107
2025-11-13,3997082,3756275,316584,634521
2025-11-14,3962123,3726373,309206,648573
2025-11-15,2379056,2238728,162695,369408
2025-11-16,1235224,1169252,81202,116980
2025-11-17,3902448,3670565,296437,618699
2025-11-18,3971177,3732275,307031,639563
2025-11-19,3767111,3525284,314690,641653
2025-11-20,3680306,3454962,310749,600592
2025-11-21,2435010,2300651,166521,396464
2025-11-22,2287986,2155802,153418,351198
2025-11-23,1401968,1333162,90325,126522
2025-11-24,1447489,1363689,98262,192788
2025-11-25,3893536,3660790,300258,623842
2025-11-26,3867181,3633130,299521,621736
2025-11-27,3859760,3625694,303744,618928
2025-11-28,3902418,3675288,296744,634635
2025-11-29,1944984,1830778,134241,299004
2025-11-30,1150596,1092589,71854,103873
2025-12-01,3702766,3478671,280797,614093
2025-12-02,3850949,3609184,295208,638472
2025-12-03,3606966,3364625,292520,633147
2025-12-04,3767544,3528861,300765,614581
2025-12-05,3634290,3392467,291983,624659
2025-12-06,2354309,2204511,159595,385768
2025-12-07,1422710,1346613,90405,138963
2025-12-08,1491145,1398343,96533,194242
2025-12-09,3567486,3322757,292670,638796
2025-12-10,3805122,3553381,301771,648656
2025-12-11,3704766,3458384,302775,625804
2025-12-12,3768327,3528375,297474,644179
2025-12-13,2372170,2227857,158725,369390
2025-12-14,1271048,1204558,80291,112819
2025-12-15,3636211,3392742,279407,631846
2025-12-16,3683661,3435501,291537,646813
2025-12-17,3692804,3447163,297307,635476
2025-12-18,3549970,3303166,312751,630841
2025-12-19,3673625,3437408,295822,640914
2025-12-20,2347824,2207724,158275,369575
2025-12-21,1482554,1407674,89762,141630
2025-12-22,3517101,3284988,282873,636948
2025-12-23,3313959,3093615,271132,608309
2025-12-24,1892522,1784958,102249,292206
2025-12-25,627141,588451,37085,64973
2025-12-26,2637789,2464433,203761,491847
2025-12-27,1936685,1828588,114095,292375
2025-12-28,1157305,1103029,63432,101061
2025-12-29,2840259,2651432,223004,527171
2025-12-30,2712630,2531885,211290,501363
2025-12-31,1505109,1421086,82086,227844
2026-01-01,564787,531707,33667,54292
2026-01-02,2368145,2217153,175352,440407
2026-01-03,1831094,1727281,111285,280808
2026-01-04,1121385,1066846,65038,102412
2026-01-05,2744915,2560220,216403,519891
2026-01-06,2724462,2538327,217461,514270
2026-01-07,2676017,2494850,213790,503583
2026-01-08,2758191,2567784,223960,526361
2026-01-09,2806598,2622183,216286,531148
2026-01-10,1746598,1650585,105940,256913
2026-01-11,1162720,1107559,67512,103432
2026-01-12,2653364,2484593,212104,483225
2026-01-13,2688055,2515521,218080,487579
2026-01-14,2705728,2539793,215594,483291
2026-01-15,2569879,2413723,206768,458680
2026-01-16,2835283,2665001,210918,508516
2026-01-17,1906995,1800380,116988,292750
2026-01-18,1152487,1099314,68222,96852
2026-01-19,2727038,2552140,214153,504385
2026-01-20,2760907,2583561,218498,503479
2026-01-21,2761795,2586462,216823,498711
2026-01-22,2732527,2558468,215217,495753
2026-01-23,2743791,2577860,210190,494557
2026-01-24,1870414,1766178,111256,285852
2026-01-25,1092568,1041548,62357,95885
2026-01-26,2555897,2392243,201926,468311
2026-01-27,2651104,2480819,213812,478463
2026-01-28,2734280,2557394,220179,495453
2026-01-29,2720966,2545444,217781,491978
2026-01-30,2758410,2585986,214148,503751
2026-01-31,1931154,1820170,120747,293911
2026-02-01,1132136,1082810,62172,96442
2026-02-02,2730429,2554594,221312,496223
2026-02-03,2673001,2499830,223310,484815
2026-02-04,2773732,2591664,230080,504261
2026-02-05,2673034,2507655,217099,441336
2026-02-06,2893402,2699180,234628,542989
2026-02-07,2008045,1893920,133625,283309
2026-02-08,1158633,1105380,69745,90191
2026-02-09,2863935,2675676,229414,520647
2026-02-10,2904354,2711985,240400,521141
2026-02-11,2902718,2710047,243709,515974
2026-02-12,2994437,2798791,239567,533987
2026-02-13,3065336,2867346,244570,554865
2026-02-14,2062111,1953797,135995,251717
2026-02-15,1004958,957025,64862,69206
2026-02-16,1303003,1235150,81020,139960
2026-02-17,1292224,1226126,78847,132629
2026-02-18,3088389,2890670,248374,527728
2026-02-19,357775,357519,5,347
2026-02-20,3259650,3054832,258068,567024
2026-02-21,2056034,1936653,125976,309019
2026-02-22,1177540,1119741,69439,98304
2026-02-23,3073674,2875942,240141,536148
2026-02-24,3066961,2869064,251539,520722
2026-02-25,3213185,3005677,261872,540744
2026-02-26,3204359,2990878,265704,551530
2026-02-27,3198018,2990437,266004,549046
2026-02-28,2116815,1992932,133231,315281
2026-03-01,1197985,1135807,72425,106050
2026-03-02,3166070,2955578,254661,544994
2026-03-03,3328984,3111450,263048,543121
2026-03-04,3448935,3226933,273579,561592
2026-03-05,3452546,3230214,277027,555779
2026-03-06,3473853,3255443,270485,574982
2026-03-07,2179114,2047775,136982,327919
2026-03-08,1253449,1188143,77964,108481
2026-03-09,3498830,3259592,300157,589215
2026-03-10,3788310,3548370,294161,592810
2026-03-11,3811772,3571624,294173,596008
2026-03-12,3794883,3548981,294882,604841
2026-03-13,3841684,3597772,288355,631305
2026-03-14,2228948,2084770,139951,358686
2026-03-15,1284714,1207925,79363,132899
2026-03-16,3698153,3462110,280257,592661
2026-03-17,3577623,3341473,288785,571111
2026-03-18,3894722,3641491,303610,622432
2026-03-19,3885799,3630219,309051,622319
2026-03-20,3853126,3610135,298223,626994
2026-03-21,1864582,1752847,122272,265000
2026-03-22,1306884,1232436,86580,119580
2026-03-23,2007299,1875267,146055,319437
2026-03-24,1470184,1318783,170328,220385
2026-03-25,3960028,3698821,313608,645490
2026-03-26,3931328,3671241,315100,635547
2026-03-27,3888710,3639552,305693,636301
2026-03-28,2010718,1890387,129953,291493
2026-03-29,1049708,992083,65675,93302
2026-03-30,3805749,3557021,303627,622456
2026-03-31,3834048,3581526,312554,613473
2026-04-01,3733345,3489286,309847,610124
2026-04-02,1591271,1492043,104458,205806
2026-04-03,1274842,1192621,88183,148839
2026-04-04,1946268,1824600,131913,272837
2026-04-05,1145451,1083032,72020,100977
2026-04-06,3220826,2999535,284618,544150
2026-04-07,3531931,3285647,306419,588912
2026-04-08,3735002,3471524,316976,613535
2026-04-09,3733791,3453696,320947,630215
2026-04-10,3962793,3697243,317105,661525
2026-04-11,2301499,2148176,157117,362469
2026-04-12,1315639,1237268,90788,127943
2026-04-13,3906420,3654272,308107,632480
2026-04-14,3964376,3696085,320565,652155
2026-04-15,3381582,3142502,299443,562826
2026-04-16,3699437,3443926,319323,614900
2026-04-17,3847807,3589577,319786,647986
2026-04-18,2368068,2197500,191363,374619
2026-04-19,1260175,1185271,84750,120131
2026-04-20,3775958,3521587,308471,626222
2026-04-21,3482464,3235934,309416,594147
2026-04-22,3971768,3704687,326193,644988
2026-04-23,3917161,3656338,324470,623382
2026-04-24,3964113,3702610,321469,658349
2026-04-25,2285354,2131539,159976,359854
2026-04-26,1197948,1115978,93183,128201
2026-04-27,3750484,3501991,303476,614296
2026-04-28,3851717,3596349,318070,616788
2026-04-29,3813189,3559290,311561,602892
2026-04-30,3938257,3670134,343234,648449
2026-05-01,1140949,1058213,83509,147891
2026-05-02,2077891,1935623,148390,324183
2026-05-03,1198201,1125475,82606,117804
2026-05-04,3844156,3586936,309914,636994
2026-05-05,3882476,3619524,321231,638081
2026-05-06,3686855,3431617,319109,609748
2026-05-07,3624633,3370673,322547,605472
2026-05-08,3680018,3430048,321964,628011
2026-05-09,1942834,1814612,146970,293917
2026-05-10,1219347,1151319,85431,104700
2026-05-11,3846839,3592159,313046,640250
2026-05-12,3775676,3494875,367604,635260
2026-05-13,3879604,3621978,325914,632241
2026-05-14,3792656,3536617,314658,633719
2026-05-15,3873555,3623074,315387,644873
2026-05-16,2158738,2014131,152402,341446
2026-05-17,1209602,1137541,84176,113846
2026-05-18,3760917,3509909,305473,629956
2026-05-19,3820003,3566604,317516,624977
2026-05-20,3797093,3540784,323389,620645
2026-05-21,3808064,3551258,321242,628295
2026-05-22,3730507,3487639,306847,621689
2026-05-23,2164098,2024340,151206,329803
2026-05-24,1154264,1086701,77327,111217
2026-05-25,1163571,1085699,83447,141940
2026-05-26,3712809,3464726,312861,603538
2026-05-27,3685691,3437671,316373,603721
2026-05-28,3736350,3484408,319210,608221
2026-05-29,3677062,3438516,308988,603897
2026-05-30,2169414,2029928,150349,331191
2026-05-31,1174678,1105896,78705,111116
2026-06-01,3674513,3449285,268067,596728
2026-06-02,3760228,3510102,311917,609870
2026-06-03,3763304,3498662,345378,618898
2026-06-04,3695521,3442627,320680,607921
2026-06-05,3780002,3526040,330565,631717
2026-06-06,2189424,2041238,161563,338157
2026-06-07,1171902,1095436,91088,123109
2026-06-08,3062047,2845601,287392,521572
2026-06-09,3855546,3602390,317187,635341
2026-06-10,3841563,3584602,320922,632380
2026-06-11,3822955,3564578,323955,635414
2026-06-12,3867044,3615452,317618,643693
2026-06-13,2119412,1978722,151116,337213
2026-06-14,1185904,1113021,85030,113100
2026-06-15,1248288,1165035,85668,167120
2026-06-16,3827176,3573538,314300,629475
2026-06-17,3774489,3522691,311855,618657
2026-06-18,3434654,3201713,310366,557705
2026-06-19,3841456,3596865,315600,625877
2026-06-20,1949903,1817995,135854,274112
2026-06-21,1156210,1088550,75996,112215
2026-06-22,3266037,3048491,268971,535332
2026-06-23,3770431,3525681,309003,612215
2026-06-24,3722663,3472061,315365,610042
2026-06-25,3774511,3526204,314928,614729
2026-06-26,3736808,3492210,309167,621873
2026-06-27,2165092,2022008,147343,334585
2026-06-28,1110773,1046043,73877,104956
2026-06-29,3682936,3442823,293531,600984
2026-06-30,3448749,3206052,301243,598663
2026-07-01,3747341,3503492,306497,602117
2026-07-02,3622675,3391899,303297,570466
2026-07-03,3415648,3190385,286369,559376
2026-07-04,2020014,1887115,143204,309107
2026-07-05,968941,911394,67731,93546
2026-07-06,3602305,3365360,300742,588249
2026-07-07,2986053,2779616,262269,476880
2026-07-08,3861649,3606849,331029,625964
2026-07-09,1429765,1341558,102982,149099
2026-07-10,2201143,2075897,167603,273684
2026-07-11,1922825,1809463,139191,217178
2026-07-12,1097187,1037794,78266,82796
2026-07-13,3592663,3354188,296490,580867
2026-07-14,3527918,3283268,307402,589014
2026-07-15,2704619,2484726,265219,441147
2026-07-16,3564256,3321318,306336,571705
2026-07-17,3440061,3214247,298152,557750
2026-07-18,2045744,1909875,146772,309246
2026-07-19,664257,593089,83242,65714
2026-07-20,2571249,2382025,232433,464004
2026-07-21,2720858,2513367,260119,508676
2026-07-22,2853451,2634365,268857,535504
2026-07-23,2936355,2711171,277453,545960
2026-07-24,2911597,2695219,266292,548594
2026-07-25,2100016,1946950,167247,330983
2026-07-26,1280451,1190709,102413,138959
2026-07-27,2757641,2552241,243099,533097
2026-07-28,2856258,2634400,263719,545048
2026-07-29,2925922,2700203,270608,551392
2026-07-30,2897810,2672992,271111,558247
2026-07-31,2570239,2381620,238154,483658
2026-08-01,1836665,1700498,137453,275091
2026-08-02,1124993,1049800,83350,110945
2026-08-03,3104699,2866591,281347,549508
2026-08-04,3394477,3145212,295424,566747
2026-08-05,3482250,3242586,282747,557273
2026-08-06,2495186,2277328,289211,445183
2026-08-07,3608966,3351025,310707,594016
2026-08-08,2081617,1925577,153608,326166
2026-08-09,1212232,1133734,83230,119006
2026-08-10,3685578,3423197,302809,601881
2026-08-11,3693345,3430617,312829,596792
2026-08-12,3440396,3194029,287438,564254
2026-08-13,3637880,3377555,314038,593037
2026-08-14,3517148,3271159,299176,578529
2026-08-15,2035794,1893026,142182,300920
2026-08-16,1170648,1098121,86694,97284
2026-08-17,1193538,1110228,85870,153644
2026-08-18,3698617,3438003,308012,606128
2026-08-19,3759190,3493588,314379,612119
2026-08-20,3749230,3486415,311767,606148
2026-08-21,3715907,3458727,302132,614049
2026-08-22,2107061,1957150,145473,322312
2026-08-23,1190941,1111007,84954,118769
2026-08-24,3551188,3299060,291769,589554
2026-08-25,3637378,3374995,306049,604483
